catalog,vizier_source,vizier_table,recno,ACT-CL,RAJ2000,DEJ2000,SNR,SNR2p4,y0,e_y0,H13_,PSZ2_,RM_,AName,RABdeg,DEBdeg,z,e_z,n_z,r_z,delSDSS,e_delSDSS,delS82,e_delS82,delCFHT,e_delCFHT,delSOAR,e_delSOAR,M500cUPP,E_M500cUPP,e_M500cUPP,M500cUnc,E_M500cUnc,e_M500cUnc,M200mUPP,E_M200mUPP,e_M200mUPP,M200mUnc,E_M200mUnc,e_M200mUnc,M500cCal,E_M500cCal,e_M500cCal,Simbad,NED,RA_deg,Dec_deg
act_hilton_2018,J/ApJS/235/20/catalog,J/ApJS/235/20/catalog,1,J0001.4-0306,0.36334,-3.10161,4.34,4.1,0.68,0.17,0,0,0,,0.36493,-3.08636,0.102,1e+20,spec,SDSS,3.88,0.24,1e+20,1e+20,1e+20,1e+20,1e+20,1e+20,2.52,0.82,0.62,3.09,1.09,0.81,4.98,1.63,1.23,6.15,2.17,1.6,3.7,1.35,1.09,Simbad,NED,0.36334,-3.10161
act_hilton_2018,J/ApJS/235/20/catalog,J/ApJS/235/20/catalog,2,J0003.1-0605,0.7993,-6.08774,8.47,8.14,2.03,0.25,0,1,1,ABELL 2697,0.79826,-6.0917,0.233,1e+20,spec,SDSS,13.88,0.86,1e+20,1e+20,1e+20,1e+20,1e+20,1e+20,5.88,1.31,1.07,6.84,1.62,1.31,11.26,2.51,2.05,13.16,3.11,2.51,8.65,2.38,2.11,Simbad,NED,0.7993,-6.08774
act_hilton_2018,J/ApJS/235/20/catalog,J/ApJS/235/20/catalog,3,J0005.0-0138,1.269,-1.63793,7.09,6.29,0.99,0.16,0,0,0,,1.27419,-1.64499,0.98,0.05,phot,zC_SOAR,1e+20,1e+20,1e+20,1e+20,1e+20,1e+20,18.04,2.36,2.8,0.5,0.42,3.13,0.58,0.49,4.79,0.85,0.72,5.36,0.99,0.84,4.12,0.99,0.91,Simbad,NED,1.269,-1.63793
act_hilton_2018,J/ApJS/235/20/catalog,J/ApJS/235/20/catalog,4,J0006.0-0231,1.51897,-2.52854,4.79,4.5,0.79,0.18,0,0,1,,1.5301,-2.52497,0.618,1e+20,spec,SDSS,1e+20,1e+20,1e+20,1e+20,1e+20,1e+20,1e+20,1e+20,2.58,0.56,0.46,2.92,0.66,0.54,4.46,0.96,0.79,5.07,1.14,0.93,3.79,1.02,0.91,Simbad,NED,1.51897,-2.52854
act_hilton_2018,J/ApJS/235/20/catalog,J/ApJS/235/20/catalog,5,J0006.9-0041,1.72685,-0.68644,5.26,5.25,0.73,0.14,0,0,1,GMBCG J001.72541-00.68874,1.73389,-0.68106,0.546,1e+20,spec,SDSS,6.19,0.86,5.81,0.41,1e+20,1e+20,1e+20,1e+20,2.51,0.52,0.43,2.8,0.6,0.49,4.38,0.9,0.75,4.89,1.04,0.86,3.7,0.97,0.87,Simbad,NED,1.72685,-0.68644
act_hilton_2018,J/ApJS/235/20/catalog,J/ApJS/235/20/catalog,6,J0007.3+0341,1.8345,3.69009,4.93,4.64,0.97,0.21,0,0,1,,1.84313,3.68886,0.507,1e+20,spec,SDSS,6.62,1.04,1e+20,1e+20,1e+20,1e+20,1e+20,1e+20,3.02,0.67,0.55,3.44,0.8,0.65,5.31,1.18,0.97,6.08,1.41,1.15,4.44,1.22,1.08,Simbad,NED,1.8345,3.69009
act_hilton_2018,J/ApJS/235/20/catalog,J/ApJS/235/20/catalog,7,J0008.1+0201,2.04403,2.02385,11.22,10.67,1.63,0.15,1,1,1,WHL J000810.4+020112,2.04333,2.02008,0.366,1e+20,spec,SDSS,6.02,0.58,1e+20,1e+20,1e+20,1e+20,1e+20,1e+20,4.74,0.9,0.75,5.28,1.04,0.87,8.67,1.64,1.38,9.68,1.9,1.59,6.97,1.73,1.58,Simbad,NED,2.04403,2.02385
act_hilton_2018,J/ApJS/235/20/catalog,J/ApJS/235/20/catalog,8,J0008.8+0116,2.21748,1.28288,5.39,5.21,0.71,0.14,0,0,0,WHL J000856.7+011517,2.22694,1.27521,0.623,1e+20,spec,SDSS,1e+20,1e+20,1e+20,1e+20,1e+20,1e+20,1e+20,1e+20,2.44,0.49,0.41,2.71,0.57,0.47,4.21,0.85,0.71,4.69,0.98,0.81,3.58,0.93,0.84,Simbad,NED,2.21748,1.28288
act_hilton_2018,J/ApJS/235/20/catalog,J/ApJS/235/20/catalog,9,J0012.1-0046,3.02579,-0.77086,4.17,3.87,0.62,0.16,1,0,0,,3.0075,-0.77625,1.36,0.06,phot,M13,1e+20,1e+20,1e+20,1e+20,1e+20,1e+20,1e+20,1e+20,1.76,0.36,0.3,2.04,0.44,0.36,3.02,0.62,0.51,3.52,0.76,0.62,2.59,0.68,0.61,Simbad,NED,3.02579,-0.77086
act_hilton_2018,J/ApJS/235/20/catalog,J/ApJS/235/20/catalog,10,J0012.8-0855,3.20082,-8.92775,4.05,3.52,1.07,0.3,0,1,1,WHL J001248.9-085535,3.20371,-8.9265,0.337,1e+20,spec,SDSS,11.38,0.98,1e+20,1e+20,1e+20,1e+20,1e+20,1e+20,3.15,0.87,0.68,3.78,1.12,0.86,5.74,1.59,1.24,6.93,2.05,1.58,4.63,1.48,1.25,Simbad,NED,3.20082,-8.92775
act_hilton_2018,J/ApJS/235/20/catalog,J/ApJS/235/20/catalog,11,J0013.3+0013,3.32576,0.22059,4.67,4.65,0.67,0.14,0,0,0,,3.32363,0.23858,0.763,1e+20,spec,SDSS,1e+20,1e+20,1.21,0.27,1e+20,1e+20,1e+20,1e+20,2.26,0.46,0.38,2.54,0.54,0.44,3.86,0.79,0.66,4.34,0.92,0.76,3.33,0.87,0.78,Simbad,NED,3.32576,0.22059
act_hilton_2018,J/ApJS/235/20/catalog,J/ApJS/235/20/catalog,12,J0014.8-0057,3.72486,-0.9506,11.42,11.29,2.06,0.18,1,0,1,GMBCG J003.72543-00.95236,3.72542,-0.95233,0.5331,1e+20,spec,S16,7.32,1.08,8.78,0.68,1e+20,1e+20,1e+20,1e+20,5.44,0.96,0.82,6.08,1.12,0.94,9.67,1.71,1.45,10.84,1.99,1.68,8.0,1.92,1.76,Simbad,NED,3.72486,-0.9506
act_hilton_2018,J/ApJS/235/20/catalog,J/ApJS/235/20/catalog,13,J0018.2-0022,4.56024,-0.38261,6.32,6.1,1.09,0.18,1,0,0,,4.57667,-0.37939,0.801,1e+20,spec,SALT,1e+20,1e+20,5.53,0.76,1e+20,1e+20,1e+20,1e+20,3.14,0.58,0.49,3.52,0.68,0.57,5.39,1.0,0.84,6.06,1.17,0.98,4.62,1.14,1.04,Simbad,NED,4.56024,-0.38261
act_hilton_2018,J/ApJS/235/20/catalog,J/ApJS/235/20/catalog,14,J0019.6+0336,4.90583,3.60736,12.93,12.7,2.99,0.24,0,1,1,NSCS J001937+033655,4.91107,3.59926,0.269,1e+20,spec,SDSS,8.54,0.59,1e+20,1e+20,1e+20,1e+20,1e+20,1e+20,8.09,1.65,1.37,9.43,2.04,1.68,15.44,3.14,2.61,18.06,3.91,3.21,11.9,3.1,2.79,Simbad,NED,4.90583,3.60736
act_hilton_2018,J/ApJS/235/20/catalog,J/ApJS/235/20/catalog,15,J0019.8+0210,4.96192,2.17398,4.88,4.88,0.83,0.17,0,0,0,,4.96908,2.17318,0.71,0.05,phot,zC_SOAR,1e+20,1e+20,1e+20,1e+20,1e+20,1e+20,2.85,0.55,2.64,0.54,0.45,2.97,0.63,0.52,4.53,0.93,0.77,5.12,1.09,0.9,3.88,1.01,0.91,Simbad,NED,4.96192,2.17398
act_hilton_2018,J/ApJS/235/20/catalog,J/ApJS/235/20/catalog,16,J0020.5+0239,5.14391,2.65368,4.18,4.15,0.82,0.2,0,0,0,WHL J002035.5+023908,5.14775,2.65231,0.601,1e+20,spec,SDSS,1e+20,1e+20,1e+20,1e+20,1e+20,1e+20,1e+20,1e+20,2.63,0.59,0.48,3.01,0.71,0.58,4.55,1.03,0.84,5.23,1.24,1.0,3.86,1.07,0.95,Simbad,NED,5.14391,2.65368
act_hilton_2018,J/ApJS/235/20/catalog,J/ApJS/235/20/catalog,17,J0022.2-0036,5.55064,-0.60046,10.94,10.86,2.02,0.19,1,0,0,,5.55417,-0.60939,0.8048,1e+20,spec,S16,1e+20,1e+20,12.04,1.09,1e+20,1e+20,1e+20,1e+20,4.9,0.81,0.69,5.48,0.94,0.8,8.5,1.4,1.2,9.52,1.64,1.4,7.21,1.67,1.55,Simbad,NED,5.55064,-0.60046
act_hilton_2018,J/ApJS/235/20/catalog,J/ApJS/235/20/catalog,18,J0024.6+0002,6.15088,0.03333,4.16,4.12,0.72,0.18,0,0,1,SDSS CE J006.158203+00.022075,6.16144,0.03024,0.378,1e+20,spec,SDSS,6.2,0.49,1e+20,1e+20,1e+20,1e+20,1e+20,1e+20,2.43,0.59,0.48,2.78,0.71,0.56,4.36,1.07,0.86,5.0,1.28,1.02,3.57,1.05,0.91,Simbad,NED,6.15088,0.03333
act_hilton_2018,J/ApJS/235/20/catalog,J/ApJS/235/20/catalog,19,J0026.2+0120,6.55974,1.33916,8.14,8.14,1.58,0.19,1,0,0,ACT-CL J0026.2+0120,6.56625,1.34361,0.64,1e+20,spec,SDSS,1e+20,1e+20,1e+20,1e+20,1e+20,1e+20,1e+20,1e+20,4.31,0.78,0.66,4.82,0.9,0.76,7.53,1.35,1.15,8.44,1.58,1.33,6.34,1.53,1.41,Simbad,NED,6.55974,1.33916
act_hilton_2018,J/ApJS/235/20/catalog,J/ApJS/235/20/catalog,20,J0027.1-0843,6.77594,-8.71692,4.24,4.2,1.35,0.32,0,0,0,WHL J002706.2-084337,6.7759,-8.72701,0.35,0.02,phot,zC_SDSS,4.16,0.55,1e+20,1e+20,1e+20,1e+20,1e+20,1e+20,3.84,0.97,0.78,4.56,1.23,0.97,7.02,1.78,1.42,8.36,2.26,1.78,5.65,1.7,1.46,Simbad,NED,6.77594,-8.71692
act_hilton_2018,J/ApJS/235/20/catalog,J/ApJS/235/20/catalog,21,J0027.1-0456,6.79907,-4.93959,5.83,5.34,1.36,0.25,0,0,1,,6.80499,-4.94096,0.74,0.03,phot,zC_SDSS,11.78,3.45,1e+20,1e+20,1e+20,1e+20,1e+20,1e+20,3.67,0.73,0.61,4.19,0.88,0.72,6.33,1.26,1.05,7.26,1.52,1.26,5.39,1.38,1.25,Simbad,NED,6.79907,-4.93959
act_hilton_2018,J/ApJS/235/20/catalog,J/ApJS/235/20/catalog,22,J0031.4-0144,7.86745,-1.73774,4.3,4.23,0.81,0.19,0,0,1,,7.87031,-1.73347,0.549,1e+20,spec,SDSS,4.75,0.79,1e+20,1e+20,1e+20,1e+20,1e+20,1e+20,2.64,0.6,0.49,3.01,0.72,0.58,4.61,1.05,0.85,5.27,1.25,1.01,3.89,1.08,0.96,Simbad,NED,7.86745,-1.73774
act_hilton_2018,J/ApJS/235/20/catalog,J/ApJS/235/20/catalog,23,J0033.6+0243,8.40499,2.71769,4.71,4.65,1.12,0.24,0,0,1,,8.41338,2.72254,0.47,1e+20,spec,SDSS,3.55,0.51,1e+20,1e+20,1e+20,1e+20,1e+20,1e+20,3.35,0.76,0.62,3.86,0.92,0.74,5.95,1.35,1.1,6.87,1.63,1.32,4.93,1.37,1.21,Simbad,NED,8.40499,2.71769
act_hilton_2018,J/ApJS/235/20/catalog,J/ApJS/235/20/catalog,24,J0033.8-0751,8.46644,-7.86567,6.92,6.25,1.57,0.25,0,1,1,,8.47143,-7.86954,0.305,1e+20,spec,SDSS,11.9,0.89,1e+20,1e+20,1e+20,1e+20,1e+20,1e+20,4.55,1.01,0.83,5.23,1.23,1.0,8.45,1.88,1.54,9.75,2.29,1.86,6.69,1.84,1.63,Simbad,NED,8.46644,-7.86567
act_hilton_2018,J/ApJS/235/20/catalog,J/ApJS/235/20/catalog,25,J0034.4+0225,8.60669,2.42203,12.49,12.49,3.1,0.25,0,1,1,,8.61734,2.42295,0.382,1e+20,spec,SDSS,7.25,0.52,1e+20,1e+20,1e+20,1e+20,1e+20,1e+20,7.82,1.48,1.24,8.98,1.8,1.5,14.42,2.73,2.3,16.63,3.33,2.77,11.49,2.86,2.61,Simbad,NED,8.60669,2.42203
act_hilton_2018,J/ApJS/235/20/catalog,J/ApJS/235/20/catalog,26,J0034.9+0233,8.73827,2.56603,5.09,4.78,1.14,0.24,0,0,1,,8.74086,2.55883,0.384,1e+20,spec,SDSS,5.76,0.43,1e+20,1e+20,1e+20,1e+20,1e+20,1e+20,3.43,0.8,0.65,3.95,0.96,0.77,6.2,1.44,1.17,7.16,1.75,1.4,5.05,1.43,1.25,Simbad,NED,8.73827,2.56603
act_hilton_2018,J/ApJS/235/20/catalog,J/ApJS/235/20/catalog,27,J0038.5+0044,9.64859,0.74558,5.63,5.62,1.06,0.19,0,0,1,,9.65992,0.73584,0.695,1e+20,spec,SDSS,1e+20,1e+20,6.33,0.62,1e+20,1e+20,1e+20,1e+20,3.15,0.62,0.52,3.55,0.72,0.6,5.44,1.06,0.89,6.14,1.25,1.04,4.64,1.18,1.07,Simbad,NED,9.64859,0.74558
act_hilton_2018,J/ApJS/235/20/catalog,J/ApJS/235/20/catalog,28,J0040.9-0328,10.23272,-3.4798,4.53,4.37,1.05,0.24,0,0,0,,10.22469,-3.46749,0.671,1e+20,spec,SDSS,1e+20,1e+20,1e+20,1e+20,1e+20,1e+20,1e+20,1e+20,3.09,0.68,0.55,3.56,0.82,0.67,5.33,1.17,0.96,6.18,1.42,1.15,4.54,1.24,1.1,Simbad,NED,10.23272,-3.4798
act_hilton_2018,J/ApJS/235/20/catalog,J/ApJS/235/20/catalog,29,J0044.4+0113,11.10498,1.21682,7.52,7.17,1.21,0.17,1,0,0,,11.10667,1.21353,1.11,0.03,phot,M13,1e+20,1e+20,1e+20,1e+20,1e+20,1e+20,1e+20,1e+20,3.07,0.52,0.44,3.44,0.6,0.51,5.26,0.89,0.76,5.91,1.04,0.88,4.51,1.05,0.98,Simbad,NED,11.10498,1.21682
act_hilton_2018,J/ApJS/235/20/catalog,J/ApJS/235/20/catalog,30,J0044.4+0150,11.11331,1.83769,5.02,4.84,1.06,0.22,0,0,1,,11.11766,1.83631,0.358,1e+20,spec,SDSS,7.3,0.62,1e+20,1e+20,1e+20,1e+20,1e+20,1e+20,3.27,0.76,0.62,3.75,0.92,0.74,5.93,1.38,1.12,6.83,1.67,1.34,4.81,1.36,1.2,Simbad,NED,11.11331,1.83769
act_hilton_2018,J/ApJS/235/20/catalog,J/ApJS/235/20/catalog,31,J0045.2-0152,11.30245,-1.88078,9.62,9.45,1.79,0.19,1,1,1,,11.30208,-1.87544,0.5483,1e+20,spec,S16,3.95,0.71,1e+20,1e+20,1e+20,1e+20,1e+20,1e+20,4.86,0.87,0.74,5.44,1.02,0.86,8.61,1.55,1.31,9.64,1.81,1.52,7.15,1.73,1.59,Simbad,NED,11.30245,-1.88078
act_hilton_2018,J/ApJS/235/20/catalog,J/ApJS/235/20/catalog,32,J0046.0-0358,11.51333,-3.98242,4.18,4.18,1.06,0.25,0,0,1,,11.51709,-3.9858,0.549,1e+20,spec,SDSS,7.01,1.39,1e+20,1e+20,1e+20,1e+20,1e+20,1e+20,3.16,0.73,0.59,3.66,0.89,0.72,5.53,1.28,1.04,6.43,1.56,1.26,4.64,1.31,1.15,Simbad,NED,11.51333,-3.98242
act_hilton_2018,J/ApJS/235/20/catalog,J/ApJS/235/20/catalog,33,J0051.7+0242,12.93978,2.71218,5.58,5.54,1.21,0.22,0,0,0,WHL J005147.0+024237,12.94564,2.71029,0.616,1e+20,spec,SDSS,5.56,1.28,1e+20,1e+20,1e+20,1e+20,1e+20,1e+20,3.52,0.71,0.59,3.98,0.84,0.69,6.13,1.24,1.03,6.95,1.46,1.21,5.17,1.34,1.21,Simbad,NED,12.93978,2.71218
act_hilton_2018,J/ApJS/235/20/catalog,J/ApJS/235/20/catalog,34,J0053.5+0329,13.38416,3.49799,4.3,4.22,1.09,0.26,0,0,1,,13.39027,3.49554,0.421,1e+20,spec,SDSS,7.56,0.74,1e+20,1e+20,1e+20,1e+20,1e+20,1e+20,3.27,0.79,0.64,3.81,0.97,0.77,5.86,1.42,1.14,6.84,1.74,1.39,4.81,1.4,1.22,Simbad,NED,13.38416,3.49799
act_hilton_2018,J/ApJS/235/20/catalog,J/ApJS/235/20/catalog,35,J0058.0+0030,14.52152,0.51656,8.34,8.33,1.39,0.17,1,0,0,ACT-CL J0058.0+0030,14.52375,0.51614,0.79,1e+20,spec,SALT,1e+20,1e+20,17.47,1.69,1e+20,1e+20,1e+20,1e+20,3.79,0.65,0.56,4.2,0.75,0.64,6.53,1.12,0.96,7.26,1.29,1.1,5.57,1.31,1.22,Simbad,NED,14.52152,0.51656
act_hilton_2018,J/ApJS/235/20/catalog,J/ApJS/235/20/catalog,36,J0059.1-0049,14.78075,-0.82955,12.28,12.08,2.21,0.18,1,0,0,,14.78542,-0.83492,0.787,1e+20,spec,S16,1e+20,1e+20,5.81,0.68,1e+20,1e+20,1e+20,1e+20,5.26,0.86,0.74,5.88,1.0,0.86,9.14,1.5,1.29,10.24,1.75,1.49,7.73,1.78,1.66,Simbad,NED,14.78075,-0.82955
act_hilton_2018,J/ApJS/235/20/catalog,J/ApJS/235/20/catalog,37,J0059.5-0633,14.89237,-6.56012,4.72,4.61,1.16,0.25,0,0,0,,14.90175,-6.53225,0.95,0.05,phot,zC_SOAR,1e+20,1e+20,1e+20,1e+20,1e+20,1e+20,3.73,1.05,3.06,0.62,0.52,3.54,0.76,0.62,5.23,1.06,0.88,6.07,1.3,1.07,4.49,1.17,1.05,Simbad,NED,14.89237,-6.56012
act_hilton_2018,J/ApJS/235/20/catalog,J/ApJS/235/20/catalog,38,J0101.1-0029,15.29249,-0.49588,4.38,4.32,0.74,0.17,0,0,1,NSCS J010114-002930,15.28312,-0.49595,0.418,1e+20,spec,SDSS,7.73,0.76,13.68,0.73,1e+20,1e+20,1e+20,1e+20,2.49,0.58,0.47,2.83,0.69,0.56,4.43,1.04,0.84,5.05,1.24,0.99,3.66,1.04,0.91,Simbad,NED,15.29249,-0.49588
act_hilton_2018,J/ApJS/235/20/catalog,J/ApJS/235/20/catalog,39,J0104.9+0002,16.22585,0.04995,4.82,4.15,0.75,0.18,1,1,1,[SBV2004] RS 28,16.23042,0.06006,0.277,1e+20,spec,SDSS,7.1,0.46,6.33,0.28,1e+20,1e+20,1e+20,1e+20,2.47,0.64,0.51,2.85,0.77,0.61,4.56,1.18,0.94,5.27,1.43,1.13,3.63,1.11,0.95,Simbad,NED,16.22585,0.04995
act_hilton_2018,J/ApJS/235/20/catalog,J/ApJS/235/20/catalog,40,J0105.0+0202,16.255,2.03362,4.41,4.39,0.94,0.22,0,0,0,MCXC J0105.0+0201,16.25875,2.02971,0.1967,1e+20,spec,Lit (0),2.86,0.2,1e+20,1e+20,1e+20,1e+20,1e+20,1e+20,3.0,0.82,0.65,3.54,1.03,0.8,5.72,1.57,1.23,6.77,1.98,1.53,4.41,1.41,1.19,Simbad,NED,16.255,2.03362
act_hilton_2018,J/ApJS/235/20/catalog,J/ApJS/235/20/catalog,41,J0106.1-0619,16.54352,-6.32037,5.75,5.74,1.46,0.25,0,0,1,,16.53725,-6.3124,0.5,0.03,phot,zC_SDSS,0.69,0.31,1e+20,1e+20,1e+20,1e+20,1e+20,1e+20,4.12,0.86,0.71,4.71,1.03,0.84,7.32,1.52,1.26,8.38,1.83,1.5,6.07,1.6,1.43,Simbad,NED,16.54352,-6.32037
act_hilton_2018,J/ApJS/235/20/catalog,J/ApJS/235/20/catalog,42,J0106.7+0103,16.69854,1.05369,4.77,4.12,0.72,0.18,0,0,1,MaxBCG J016.70077+01.05926,16.70573,1.05625,0.253,1e+20,spec,SDSS,1.96,0.17,3.77,0.2,1e+20,1e+20,1e+20,1e+20,2.39,0.63,0.5,2.76,0.77,0.6,4.45,1.17,0.93,5.15,1.43,1.12,3.52,1.09,0.93,Simbad,NED,16.69854,1.05369
act_hilton_2018,J/ApJS/235/20/catalog,J/ApJS/235/20/catalog,43,J0108.0+0251,17.00333,2.86456,4.39,4.2,0.91,0.22,0,0,1,WHL J010803.2+025200,17.01345,2.86659,0.322,1e+20,spec,SDSS,6.7,0.55,1e+20,1e+20,1e+20,1e+20,1e+20,1e+20,2.87,0.73,0.58,3.33,0.89,0.7,5.25,1.33,1.06,6.11,1.62,1.28,4.23,1.27,1.09,Simbad,NED,17.00333,2.86456
act_hilton_2018,J/ApJS/235/20/catalog,J/ApJS/235/20/catalog,44,J0111.0-0058,17.75769,-0.9806,4.47,4.37,0.77,0.18,0,0,1,SDSS CE J017.754179-00.974395,17.75118,-0.9727,0.433,1e+20,spec,SDSS,4.46,0.54,6.94,0.51,1e+20,1e+20,1e+20,1e+20,2.57,0.6,0.48,2.92,0.71,0.57,4.56,1.06,0.86,5.2,1.26,1.02,3.78,1.07,0.94,Simbad,NED,17.75769,-0.9806
act_hilton_2018,J/ApJS/235/20/catalog,J/ApJS/235/20/catalog,45,J0115.8-0206,18.95078,-2.10881,4.22,4.16,0.85,0.2,0,0,1,,18.94907,-2.09737,0.524,1e+20,spec,SDSS,1.94,0.7,1e+20,1e+20,1e+20,1e+20,1e+20,1e+20,2.72,0.63,0.51,3.12,0.76,0.61,4.76,1.1,0.9,5.48,1.33,1.07,4.0,1.13,0.99,Simbad,NED,18.95078,-2.10881
act_hilton_2018,J/ApJS/235/20/catalog,J/ApJS/235/20/catalog,46,J0119.9+0055,19.99903,0.92497,5.0,5.0,0.86,0.17,1,0,0,ACT-CL J0119.9+0055,19.99208,0.926,0.731,1e+20,spec,S16,10.31,2.46,3.84,0.5,1e+20,1e+20,1e+20,1e+20,2.71,0.55,0.45,3.05,0.64,0.53,4.65,0.94,0.78,5.25,1.1,0.91,3.98,1.03,0.93,Simbad,NED,19.99903,0.92497
act_hilton_2018,J/ApJS/235/20/catalog,J/ApJS/235/20/catalog,47,J0120.4-0019,20.10089,-0.31667,4.22,4.2,0.77,0.18,0,0,1,SDSS CE J020.121334-00.319887,20.12837,-0.33071,0.351,1e+20,spec,SDSS,3.72,0.49,1e+20,1e+20,1e+20,1e+20,1e+20,1e+20,2.54,0.63,0.5,2.91,0.75,0.6,4.59,1.13,0.91,5.28,1.36,1.08,3.74,1.1,0.95,Simbad,NED,20.10089,-0.31667
act_hilton_2018,J/ApJS/235/20/catalog,J/ApJS/235/20/catalog,48,J0124.9-0440,21.2484,-4.67156,7.25,6.84,1.53,0.22,0,0,0,,21.24759,-4.67401,0.97,0.05,phot,zC_SOAR,1e+20,1e+20,1e+20,1e+20,1e+20,1e+20,3.71,0.94,3.75,0.66,0.56,4.25,0.78,0.66,6.45,1.14,0.97,7.32,1.35,1.14,5.52,1.32,1.22,Simbad,NED,21.2484,-4.67156
act_hilton_2018,J/ApJS/235/20/catalog,J/ApJS/235/20/catalog,49,J0125.0-0531,21.26039,-5.52197,6.02,5.97,1.35,0.23,0,0,1,,21.27092,-5.51813,0.475,1e+20,spec,SDSS,13.98,1.6,1e+20,1e+20,1e+20,1e+20,1e+20,1e+20,3.93,0.81,0.67,4.45,0.96,0.79,6.99,1.44,1.2,7.94,1.71,1.41,5.78,1.51,1.36,Simbad,NED,21.26039,-5.52197
act_hilton_2018,J/ApJS/235/20/catalog,J/ApJS/235/20/catalog,50,J0125.2-0802,21.32406,-8.04307,6.69,6.67,1.66,0.25,0,0,0,,21.33588,-8.0396,1.12,0.05,phot,zC_SOAR,1e+20,1e+20,1e+20,1e+20,1e+20,1e+20,35.39,3.94,3.72,0.65,0.55,4.25,0.78,0.66,6.41,1.12,0.95,7.34,1.34,1.14,5.47,1.3,1.2,Simbad,NED,21.32406,-8.04307
act_hilton_2018,J/ApJS/235/20/catalog,J/ApJS/235/20/catalog,51,J0127.2+0020,21.81872,0.34904,8.14,8.05,1.36,0.17,1,0,1,WHL J012716.7+002036,21.81917,0.34469,0.3801,1e+20,spec,S16,8.79,0.74,5.53,0.33,1e+20,1e+20,1e+20,1e+20,4.09,0.81,0.67,4.56,0.93,0.78,7.43,1.46,1.22,8.31,1.7,1.41,6.02,1.53,1.39,Simbad,NED,21.81872,0.34904
act_hilton_2018,J/ApJS/235/20/catalog,J/ApJS/235/20/catalog,52,J0127.5-0606,21.88657,-6.10822,5.01,4.88,1.11,0.23,0,0,1,,21.89271,-6.1092,0.507,1e+20,spec,SDSS,4.37,0.87,1e+20,1e+20,1e+20,1e+20,1e+20,1e+20,3.35,0.73,0.6,3.82,0.87,0.71,5.91,1.29,1.06,6.76,1.55,1.26,4.92,1.34,1.19,Simbad,NED,21.88657,-6.10822
act_hilton_2018,J/ApJS/235/20/catalog,J/ApJS/235/20/catalog,53,J0129.0-0845,22.25026,-8.75389,6.17,5.32,1.79,0.34,0,0,1,WHL J012900.7-084520,22.25282,-8.7556,0.358,1e+20,spec,SDSS,16.15,1.31,1e+20,1e+20,1e+20,1e+20,1e+20,1e+20,4.89,1.13,0.92,5.73,1.4,1.13,8.97,2.06,1.68,10.55,2.58,2.07,7.19,2.02,1.78,Simbad,NED,22.25026,-8.75389
act_hilton_2018,J/ApJS/235/20/catalog,J/ApJS/235/20/catalog,54,J0130.0-0305,22.51091,-3.09084,6.31,5.95,1.28,0.22,0,0,0,,22.51774,-3.09573,0.817,1e+20,spec,SDSS,1e+20,1e+20,1e+20,1e+20,1e+20,1e+20,1e+20,1e+20,3.49,0.66,0.55,3.94,0.77,0.65,5.99,1.13,0.95,6.79,1.33,1.11,5.13,1.27,1.16,Simbad,NED,22.51091,-3.09084
act_hilton_2018,J/ApJS/235/20/catalog,J/ApJS/235/20/catalog,55,J0130.9+0406,22.73504,4.11371,5.21,5.22,1.24,0.24,0,0,0,WH J013056.6+040729,22.73563,4.12484,0.715,1e+20,spec,SDSS,1e+20,1e+20,1e+20,1e+20,1e+20,1e+20,1e+20,1e+20,3.48,0.7,0.58,3.97,0.84,0.69,6.01,1.21,1.01,6.88,1.45,1.2,5.11,1.32,1.19,Simbad,NED,22.73504,4.11371
act_hilton_2018,J/ApJS/235/20/catalog,J/ApJS/235/20/catalog,56,J0137.4-0827,24.35208,-8.45979,11.39,11.38,3.08,0.27,0,1,1,,24.35412,-8.45631,0.568,1e+20,spec,SDSS,2.4,0.54,1e+20,1e+20,1e+20,1e+20,1e+20,1e+20,7.2,1.28,1.08,8.22,1.53,1.29,12.83,2.27,1.93,14.69,2.74,2.31,10.59,2.54,2.34,Simbad,NED,24.35208,-8.45979
act_hilton_2018,J/ApJS/235/20/catalog,J/ApJS/235/20/catalog,57,J0137.5+0036,24.38,0.60411,4.23,4.16,0.71,0.17,0,0,0,,24.36872,0.60636,0.8,0.02,phot,zC_S82,1e+20,1e+20,2.98,0.39,1e+20,1e+20,1e+20,1e+20,2.3,0.49,0.41,2.62,0.59,0.48,3.92,0.84,0.69,4.48,1.01,0.82,3.38,0.91,0.81,Simbad,NED,24.38,0.60411
act_hilton_2018,J/ApJS/235/20/catalog,J/ApJS/235/20/catalog,58,J0139.2-0740,24.81174,-7.66775,4.9,4.72,1.06,0.22,0,0,1,WHL J013915.7-073950,24.81551,-7.6639,0.264,1e+20,spec,SDSS,8.98,0.69,1e+20,1e+20,1e+20,1e+20,1e+20,1e+20,3.28,0.82,0.66,3.8,1.01,0.8,6.12,1.53,1.23,7.12,1.89,1.49,4.82,1.44,1.24,Simbad,NED,24.81174,-7.66775
act_hilton_2018,J/ApJS/235/20/catalog,J/ApJS/235/20/catalog,59,J0140.0-0554,25.0004,-5.91436,11.41,11.3,2.67,0.24,0,0,1,,25.00334,-5.91744,0.454,1e+20,spec,SDSS,21.4,1.94,1e+20,1e+20,1e+20,1e+20,1e+20,1e+20,6.76,1.25,1.05,7.69,1.49,1.25,12.24,2.25,1.9,13.97,2.7,2.26,9.94,2.44,2.23,Simbad,NED,25.0004,-5.91436
act_hilton_2018,J/ApJS/235/20/catalog,J/ApJS/235/20/catalog,60,J0144.4-0738,26.10906,-7.63521,4.63,4.47,0.97,0.22,0,0,1,,26.10576,-7.64631,0.398,1e+20,spec,SDSS,11.85,1.14,1e+20,1e+20,1e+20,1e+20,1e+20,1e+20,3.04,0.72,0.58,3.49,0.86,0.69,5.45,1.29,1.04,6.28,1.56,1.25,4.46,1.28,1.12,Simbad,NED,26.10906,-7.63521
act_hilton_2018,J/ApJS/235/20/catalog,J/ApJS/235/20/catalog,61,J0144.9-0709,26.24667,-7.16466,4.43,4.43,0.95,0.21,0,0,1,,26.24354,-7.16581,0.18,0.02,phot,zC_SDSS,6.35,0.37,1e+20,1e+20,1e+20,1e+20,1e+20,1e+20,3.05,0.86,0.67,3.63,1.09,0.84,5.86,1.64,1.28,6.99,2.1,1.61,4.49,1.45,1.22,Simbad,NED,26.24667,-7.16466
act_hilton_2018,J/ApJS/235/20/catalog,J/ApJS/235/20/catalog,62,J0146.1-0315,26.52574,-3.26448,5.59,5.25,1.22,0.23,0,0,1,,26.52903,-3.26422,0.59,1e+20,spec,SDSS,3.69,0.82,1e+20,1e+20,1e+20,1e+20,1e+20,1e+20,3.53,0.73,0.61,4.02,0.87,0.72,6.17,1.28,1.06,7.05,1.53,1.26,5.19,1.37,1.23,Simbad,NED,26.52574,-3.26448
act_hilton_2018,J/ApJS/235/20/catalog,J/ApJS/235/20/catalog,63,J0149.3-0111,27.32959,-1.1943,5.48,5.42,0.83,0.15,0,0,1,,27.32872,-1.18671,0.43,1e+20,spec,SDSS,8.26,0.85,13.67,0.98,1e+20,1e+20,1e+20,1e+20,2.76,0.59,0.48,3.09,0.68,0.56,4.91,1.04,0.86,5.51,1.21,1.0,4.06,1.08,0.97,Simbad,NED,27.32959,-1.1943
act_hilton_2018,J/ApJS/235/20/catalog,J/ApJS/235/20/catalog,64,J0149.6+0440,27.41333,4.67589,4.32,4.32,0.98,0.23,0,0,1,,27.43231,4.6855,0.5,1e+20,spec,SDSS,5.99,1.14,1e+20,1e+20,1e+20,1e+20,1e+20,1e+20,3.03,0.7,0.57,3.48,0.84,0.68,5.34,1.23,1.0,6.16,1.49,1.2,4.45,1.26,1.1,Simbad,NED,27.41333,4.67589
act_hilton_2018,J/ApJS/235/20/catalog,J/ApJS/235/20/catalog,65,J0152.6+0100,28.17322,1.00683,11.96,11.96,2.04,0.17,1,1,1,RXC J0152.7+0100,28.17458,1.00708,0.2291,1e+20,spec,S16,7.3,0.4,3.77,0.23,1e+20,1e+20,1e+20,1e+20,6.05,1.26,1.04,6.92,1.52,1.25,11.6,2.42,2.0,13.31,2.93,2.4,8.89,2.35,2.1,Simbad,NED,28.17322,1.00683
act_hilton_2018,J/ApJS/235/20/catalog,J/ApJS/235/20/catalog,66,J0153.5-0118,28.38419,-1.30432,4.19,4.09,0.65,0.16,0,1,1,NSCS J015331-011707,28.39305,-1.3024,0.243,1e+20,spec,SDSS,5.37,0.36,1e+20,1e+20,1e+20,1e+20,1e+20,1e+20,2.19,0.58,0.46,2.52,0.7,0.55,4.07,1.08,0.85,4.7,1.31,1.02,3.22,1.0,0.85,Simbad,NED,28.38419,-1.30432
act_hilton_2018,J/ApJS/235/20/catalog,J/ApJS/235/20/catalog,67,J0153.6-0144,28.4159,-1.7412,7.1,6.79,1.18,0.17,0,0,0,,28.4166,-1.74144,0.866,1e+20,spec,SALT,1e+20,1e+20,1e+20,1e+20,1e+20,1e+20,8.02,1.53,3.28,0.58,0.49,3.66,0.68,0.57,5.62,1.0,0.85,6.29,1.16,0.98,4.82,1.16,1.07,Simbad,NED,28.4159,-1.7412
act_hilton_2018,J/ApJS/235/20/catalog,J/ApJS/235/20/catalog,68,J0154.2-0737,28.57318,-7.62093,5.01,4.95,1.0,0.2,0,0,1,,28.57981,-7.63224,0.599,1e+20,spec,SDSS,7.68,1.43,1e+20,1e+20,1e+20,1e+20,1e+20,1e+20,3.07,0.64,0.53,3.47,0.76,0.63,5.33,1.12,0.93,6.06,1.33,1.09,4.51,1.2,1.07,Simbad,NED,28.57318,-7.62093
act_hilton_2018,J/ApJS/235/20/catalog,J/ApJS/235/20/catalog,69,J0154.4-0321,28.61217,-3.35308,8.74,8.74,1.9,0.22,0,0,1,,28.61211,-3.35552,0.444,1e+20,spec,SDSS,9.64,0.97,1e+20,1e+20,1e+20,1e+20,1e+20,1e+20,5.19,0.99,0.83,5.85,1.17,0.97,9.36,1.78,1.5,10.58,2.11,1.76,7.63,1.91,1.74,Simbad,NED,28.61217,-3.35308
act_hilton_2018,J/ApJS/235/20/catalog,J/ApJS/235/20/catalog,70,J0156.3-0123,29.09855,-1.38634,6.47,6.46,0.96,0.15,1,0,1,ACT-CL J0156.4-0123,29.10125,-1.38814,0.453,1e+20,spec,SDSS,2.59,0.45,1e+20,1e+20,1e+20,1e+20,1e+20,1e+20,3.1,0.62,0.52,3.45,0.71,0.59,5.52,1.1,0.92,6.14,1.27,1.05,4.56,1.17,1.06,Simbad,NED,29.09855,-1.38634
act_hilton_2018,J/ApJS/235/20/catalog,J/ApJS/235/20/catalog,71,J0159.8-0849,29.95415,-8.82891,8.69,8.55,2.39,0.28,0,1,1,GMBCG J029.95560-08.83299,29.95555,-8.83303,0.408,1e+20,spec,SDSS,7.19,0.69,1e+20,1e+20,1e+20,1e+20,1e+20,1e+20,6.24,1.23,1.03,7.15,1.48,1.23,11.38,2.24,1.87,13.09,2.71,2.25,9.17,2.34,2.12,Simbad,NED,29.95415,-8.82891
act_hilton_2018,J/ApJS/235/20/catalog,J/ApJS/235/20/catalog,72,J0201.6-0211,30.42045,-2.19965,5.29,5.29,0.81,0.15,0,0,1,ABELL 0291,30.42959,-2.19669,0.195,1e+20,spec,SDSS,3.32,0.21,1e+20,1e+20,1e+20,1e+20,1e+20,1e+20,2.72,0.68,0.55,3.1,0.82,0.65,5.17,1.3,1.04,5.92,1.56,1.24,3.99,1.19,1.03,Simbad,NED,30.42045,-2.19965
act_hilton_2018,J/ApJS/235/20/catalog,J/ApJS/235/20/catalog,73,J0202.0+0440,30.50571,4.67508,5.12,5.01,1.13,0.23,0,0,1,,30.49979,4.64804,0.457,1e+20,spec,SDSS,9.09,1.05,1e+20,1e+20,1e+20,1e+20,1e+20,1e+20,3.41,0.75,0.61,3.89,0.9,0.73,6.06,1.34,1.09,6.94,1.6,1.3,5.01,1.37,1.21,Simbad,NED,30.50571,4.67508
act_hilton_2018,J/ApJS/235/20/catalog,J/ApJS/235/20/catalog,74,J0203.7+0216,30.93417,2.27144,4.29,3.7,0.76,0.2,0,0,0,,30.92522,2.26309,0.35,0.02,phot,zC_SDSS,3.3,0.43,1e+20,1e+20,1e+20,1e+20,1e+20,1e+20,2.47,0.65,0.51,2.87,0.8,0.62,4.46,1.17,0.93,5.21,1.44,1.13,3.63,1.12,0.96,Simbad,NED,30.93417,2.27144
act_hilton_2018,J/ApJS/235/20/catalog,J/ApJS/235/20/catalog,75,J0204.8-0303,31.2072,-3.06067,7.22,6.84,0.94,0.14,0,0,1,,31.20945,-3.06023,0.549,1e+20,spec,SDSS,1e+20,1e+20,1e+20,1e+20,1e+20,1e+20,1e+20,1e+20,3.03,0.57,0.48,3.35,0.65,0.55,5.31,1.0,0.84,5.87,1.15,0.96,4.46,1.11,1.01,Simbad,NED,31.2072,-3.06067
act_hilton_2018,J/ApJS/235/20/catalog,J/ApJS/235/20/catalog,76,J0205.2-0439,31.31625,-4.65208,8.32,8.1,1.13,0.14,0,0,0,,31.31952,-4.65554,0.968,1e+20,spec,VIPERS,1e+20,1e+20,1e+20,1e+20,0.78,0.09,1e+20,1e+20,3.12,0.52,0.44,3.45,0.59,0.51,5.35,0.89,0.76,5.93,1.02,0.87,4.59,1.06,0.99,Simbad,NED,31.31625,-4.65208
act_hilton_2018,J/ApJS/235/20/catalog,J/ApJS/235/20/catalog,77,J0205.9-0307,31.48833,-3.12218,4.49,4.3,0.57,0.13,0,0,0,,31.50566,-3.11348,0.494,1e+20,spec,SDSS,1e+20,1e+20,1e+20,1e+20,1e+20,1e+20,1e+20,1e+20,2.07,0.47,0.38,2.32,0.54,0.44,3.63,0.82,0.67,4.08,0.96,0.77,3.05,0.85,0.75,Simbad,NED,31.48833,-3.12218
act_hilton_2018,J/ApJS/235/20/catalog,J/ApJS/235/20/catalog,78,J0206.2-0114,31.55518,-1.24151,10.72,10.39,1.55,0.15,1,0,0,,31.55583,-1.23806,0.6758,1e+20,spec,S16,1e+20,1e+20,12.4,1.25,1e+20,1e+20,1e+20,1e+20,4.27,0.72,0.62,4.72,0.83,0.7,7.43,1.26,1.08,8.23,1.44,1.23,6.28,1.47,1.36,Simbad,NED,31.55518,-1.24151
act_hilton_2018,J/ApJS/235/20/catalog,J/ApJS/235/20/catalog,79,J0206.4-0118,31.60501,-1.30436,5.05,4.16,0.62,0.15,0,0,1,WHL J020622.9-011832,31.59523,-1.30877,0.195,1e+20,spec,SDSS,5.11,0.3,1e+20,1e+20,1e+20,1e+20,1e+20,1e+20,2.13,0.59,0.46,2.46,0.71,0.55,4.02,1.11,0.87,4.66,1.35,1.05,3.13,1.0,0.84,Simbad,NED,31.60501,-1.30436
act_hilton_2018,J/ApJS/235/20/catalog,J/ApJS/235/20/catalog,80,J0207.7+0021,31.93499,0.3519,5.3,4.61,0.72,0.16,0,0,0,,31.9406,0.35145,1.1,0.02,phot,zC_S82,1e+20,1e+20,4.27,1.7,1e+20,1e+20,1e+20,1e+20,2.15,0.42,0.35,2.44,0.5,0.41,3.65,0.71,0.6,4.16,0.85,0.7,3.16,0.8,0.72,Simbad,NED,31.93499,0.3519
act_hilton_2018,J/ApJS/235/20/catalog,J/ApJS/235/20/catalog,81,J0208.2-0237,32.06054,-2.62029,4.24,3.85,0.51,0.13,0,0,1,,32.06716,-2.62343,0.514,1e+20,spec,SDSS,6.05,1.05,1e+20,1e+20,1e+20,1e+20,1e+20,1e+20,1.9,0.45,0.36,2.14,0.53,0.42,3.3,0.78,0.63,3.74,0.92,0.74,2.79,0.8,0.7,Simbad,NED,32.06054,-2.62029
act_hilton_2018,J/ApJS/235/20/catalog,J/ApJS/235/20/catalog,82,J0209.6+0223,32.40068,2.38402,4.36,4.4,0.91,0.21,0,0,1,,32.42518,2.37736,0.406,1e+20,spec,SDSS,6.95,0.71,1e+20,1e+20,1e+20,1e+20,1e+20,1e+20,2.9,0.68,0.55,3.32,0.82,0.66,5.19,1.23,0.99,5.96,1.48,1.18,4.26,1.22,1.07,Simbad,NED,32.40068,2.38402
act_hilton_2018,J/ApJS/235/20/catalog,J/ApJS/235/20/catalog,83,J0211.2-0343,32.80905,-3.71923,5.46,4.97,0.74,0.15,0,0,0,,32.81187,-3.72292,0.7311,1e+20,spec,SALT,1e+20,1e+20,1e+20,1e+20,5.72,0.32,1e+20,1e+20,2.44,0.49,0.41,2.74,0.57,0.47,4.18,0.84,0.7,4.7,0.98,0.81,3.59,0.93,0.84,Simbad,NED,32.80905,-3.71923
act_hilton_2018,J/ApJS/235/20/catalog,J/ApJS/235/20/catalog,84,J0212.5-0300,33.13555,-3.0153,4.14,4.08,0.54,0.13,0,0,0,,33.13408,-3.00711,0.376,1e+20,spec,SDSS,4.27,0.52,1e+20,1e+20,1e+20,1e+20,1e+20,1e+20,1.97,0.48,0.38,2.22,0.56,0.45,3.52,0.85,0.69,3.98,1.0,0.8,2.9,0.84,0.73,Simbad,NED,33.13555,-3.0153
act_hilton_2018,J/ApJS/235/20/catalog,J/ApJS/235/20/catalog,85,J0213.3-0605,33.32587,-6.09482,4.11,3.83,0.56,0.15,0,0,0,CFHTLS:[DAC2011] W1-1207,33.34271,-6.09901,0.695,1e+20,spec,SDSS,8.97,2.52,1e+20,1e+20,3.53,0.29,1e+20,1e+20,1.99,0.45,0.37,2.26,0.53,0.43,3.4,0.77,0.63,3.88,0.92,0.74,2.93,0.81,0.72,Simbad,NED,33.32587,-6.09482
act_hilton_2018,J/ApJS/235/20/catalog,J/ApJS/235/20/catalog,86,J0214.6-0433,33.67167,-4.55065,4.1,4.08,0.59,0.14,0,1,1,ABELL 0329,33.67122,-4.56735,0.1393,1e+20,spec,Lit (1),6.61,0.35,1e+20,1e+20,1e+20,1e+20,1e+20,1e+20,2.06,0.62,0.48,2.43,0.77,0.59,3.99,1.2,0.92,4.72,1.5,1.14,3.03,1.03,0.85,Simbad,NED,33.67167,-4.55065
act_hilton_2018,J/ApJS/235/20/catalog,J/ApJS/235/20/catalog,87,J0215.3-0343,33.84883,-3.72922,6.51,5.86,0.82,0.14,0,0,0,SpARCS J021524-034331,33.85004,-3.72555,1.004,1e+20,spec,Lit (2),1e+20,1e+20,1e+20,1e+20,3.38,0.24,1e+20,1e+20,2.46,0.44,0.37,2.74,0.51,0.43,4.19,0.75,0.64,4.68,0.87,0.74,3.61,0.87,0.8,Simbad,NED,33.84883,-3.72922
act_hilton_2018,J/ApJS/235/20/catalog,J/ApJS/235/20/catalog,88,J0215.4+0030,33.86611,0.51035,9.3,8.98,1.43,0.16,1,0,0,ACT-CL J0215.4+0030,33.86875,0.51036,0.862,1e+20,spec,S16,1e+20,1e+20,1e+20,1e+20,1e+20,1e+20,1e+20,1e+20,3.79,0.63,0.54,4.21,0.73,0.62,6.52,1.09,0.93,7.26,1.26,1.07,5.57,1.3,1.2,Simbad,NED,33.86611,0.51035
act_hilton_2018,J/ApJS/235/20/catalog,J/ApJS/235/20/catalog,89,J0215.5-0355,33.87826,-3.92476,4.48,3.86,0.54,0.14,0,0,0,CFHT-W CL J021533.8-035718,33.88163,-3.94845,0.74,0.02,phot,CAMIRA,1e+20,1e+20,1e+20,1e+20,1e+20,1e+20,1e+20,1e+20,1.93,0.43,0.35,2.19,0.51,0.41,3.29,0.74,0.6,3.75,0.87,0.71,2.84,0.78,0.69,Simbad,NED,33.87826,-3.92476
act_hilton_2018,J/ApJS/235/20/catalog,J/ApJS/235/20/catalog,90,J0215.5-0113,33.89667,-1.22897,4.61,4.23,0.51,0.12,0,0,0,,33.89461,-1.2286,1.23,0.02,phot,zC_S82,1e+20,1e+20,77.82,31.19,1e+20,1e+20,1e+20,1e+20,1.67,0.33,0.27,1.89,0.39,0.32,2.84,0.56,0.47,3.23,0.66,0.55,2.45,0.62,0.57,Simbad,NED,33.89667,-1.22897
act_hilton_2018,J/ApJS/235/20/catalog,J/ApJS/235/20/catalog,91,J0217.8-0048,34.45084,-0.80422,4.29,3.79,0.49,0.13,0,0,0,,34.45429,-0.80814,0.788,1e+20,spec,SDSS,1e+20,1e+20,1.95,0.3,1e+20,1e+20,1e+20,1e+20,1.81,0.4,0.33,2.05,0.48,0.39,3.07,0.68,0.56,3.49,0.81,0.66,2.66,0.73,0.65,Simbad,NED,34.45084,-0.80422
act_hilton_2018,J/ApJS/235/20/catalog,J/ApJS/235/20/catalog,92,J0218.2-0041,34.56567,-0.69575,6.78,6.74,0.92,0.14,1,0,0,,34.57,-0.69494,0.6727,1e+20,spec,S16,12.37,2.66,6.84,0.61,1e+20,1e+20,1e+20,1e+20,2.93,0.54,0.45,3.23,0.61,0.52,5.06,0.93,0.78,5.6,1.06,0.89,4.31,1.05,0.97,Simbad,NED,34.56567,-0.69575
act_hilton_2018,J/ApJS/235/20/catalog,J/ApJS/235/20/catalog,93,J0218.6-0015,34.67339,-0.25339,4.51,4.51,0.63,0.14,0,0,0,WHL J021845.2-001452,34.6836,-0.26058,0.65,1e+20,spec,SDSS,9.5,1.58,1e+20,1e+20,1e+20,1e+20,1e+20,1e+20,2.2,0.47,0.39,2.47,0.54,0.45,3.78,0.8,0.66,4.25,0.94,0.77,3.24,0.86,0.77,Simbad,NED,34.67339,-0.25339
act_hilton_2018,J/ApJS/235/20/catalog,J/ApJS/235/20/catalog,94,J0219.0+0303,34.75838,3.05795,4.84,4.75,0.92,0.19,0,0,1,NSCS J021902+030419,34.75626,3.07834,0.479,1e+20,spec,SDSS,6.89,0.74,1e+20,1e+20,1e+20,1e+20,1e+20,1e+20,2.93,0.65,0.53,3.33,0.77,0.63,5.19,1.15,0.94,5.9,1.37,1.11,4.32,1.18,1.05,Simbad,NED,34.75838,3.05795
act_hilton_2018,J/ApJS/235/20/catalog,J/ApJS/235/20/catalog,95,J0219.8+0022,34.95351,0.3737,6.97,6.26,0.98,0.16,1,0,1,WHL J021949.9+002225,34.96,0.37081,0.538,1e+20,spec,SDSS,4.05,0.69,6.5,0.48,1e+20,1e+20,1e+20,1e+20,3.11,0.61,0.51,3.46,0.7,0.58,5.46,1.07,0.89,6.09,1.23,1.03,4.58,1.16,1.05,Simbad,NED,34.95351,0.3737
act_hilton_2018,J/ApJS/235/20/catalog,J/ApJS/235/20/catalog,96,J0219.8+0129,34.96512,1.49522,4.5,4.5,0.83,0.19,1,0,1,ACT-CL J0219.9+0129,34.96708,1.49783,0.365,1e+20,spec,S16,10.61,0.78,1e+20,1e+20,1e+20,1e+20,1e+20,1e+20,2.71,0.64,0.52,3.09,0.77,0.62,4.9,1.16,0.94,5.6,1.39,1.11,3.99,1.15,1.0,Simbad,NED,34.96512,1.49522
act_hilton_2018,J/ApJS/235/20/catalog,J/ApJS/235/20/catalog,97,J0220.9-0332,35.23417,-3.54815,4.16,4.15,0.52,0.12,0,0,0,RCS J0220.9-0333,0.0,0.0,1.03,1e+20,spec,Lit (3),1e+20,1e+20,1e+20,1e+20,1e+20,1e+20,1e+20,1e+20,1.77,0.36,0.3,2.0,0.43,0.35,3.0,0.61,0.51,3.4,0.72,0.6,2.6,0.68,0.61,Simbad,NED,35.23417,-3.54815
act_hilton_2018,J/ApJS/235/20/catalog,J/ApJS/235/20/catalog,98,J0221.6-0012,35.40082,-0.20833,4.48,4.04,0.58,0.14,1,0,1,,35.4025,-0.2055,0.593,1e+20,spec,SDSS,7.14,1.36,4.75,0.51,1e+20,1e+20,1e+20,1e+20,2.07,0.47,0.38,2.34,0.55,0.45,3.57,0.81,0.66,4.05,0.95,0.77,3.05,0.85,0.75,Simbad,NED,35.40082,-0.20833
act_hilton_2018,J/ApJS/235/20/catalog,J/ApJS/235/20/catalog,99,J0221.7-0346,35.43554,-3.7722,7.54,7.29,0.94,0.13,0,0,1,RzCS 056,35.43823,-3.76727,0.432,1e+20,spec,SDSS,10.52,1.04,1e+20,1e+20,7.52,0.36,1e+20,1e+20,3.07,0.59,0.5,3.38,0.68,0.56,5.48,1.06,0.89,6.04,1.21,1.01,4.52,1.14,1.03,Simbad,NED,35.43554,-3.7722
act_hilton_2018,J/ApJS/235/20/catalog,J/ApJS/235/20/catalog,100,J0221.9-0340,35.47583,-3.66918,4.5,4.47,0.57,0.13,0,0,0,,35.49048,-3.66691,1.04,0.02,phot,CAMIRA,1e+20,1e+20,1e+20,1e+20,1e+20,1e+20,1e+20,1e+20,1.9,0.38,0.31,2.14,0.44,0.37,3.23,0.64,0.53,3.64,0.75,0.62,2.8,0.71,0.65,Simbad,NED,35.47583,-3.66918
act_hilton_2018,J/ApJS/235/20/catalog,J/ApJS/235/20/catalog,101,J0223.1-0056,35.78788,-0.94954,9.54,9.01,1.37,0.15,1,0,0,ACT-CL J0223.1-0056,35.79167,-0.95247,0.6632,1e+20,spec,S16,4.64,1.08,5.16,0.53,1e+20,1e+20,1e+20,1e+20,3.9,0.68,0.58,4.31,0.77,0.66,6.78,1.18,1.0,7.5,1.35,1.14,5.73,1.36,1.26,Simbad,NED,35.78788,-0.94954
act_hilton_2018,J/ApJS/235/20/catalog,J/ApJS/235/20/catalog,102,J0223.2-0711,35.80075,-7.18982,4.48,4.08,0.56,0.14,0,0,0,,35.79404,-7.18017,0.72,1e+20,spec,Lit (4),1e+20,1e+20,1e+20,1e+20,2.11,0.15,1e+20,1e+20,2.01,0.44,0.36,2.27,0.52,0.42,3.43,0.75,0.62,3.88,0.88,0.72,2.96,0.8,0.71,Simbad,NED,35.80075,-7.18982
act_hilton_2018,J/ApJS/235/20/catalog,J/ApJS/235/20/catalog,103,J0223.9-0835,35.99032,-8.59664,5.01,5.01,0.84,0.17,0,0,1,ABELL 0348,35.99638,-8.59462,0.267,1e+20,spec,SDSS,8.4,0.59,1e+20,1e+20,1.16,0.05,1e+20,1e+20,2.75,0.66,0.53,3.12,0.78,0.63,5.1,1.23,0.99,5.81,1.46,1.17,4.04,1.17,1.02,Simbad,NED,35.99032,-8.59664
act_hilton_2018,J/ApJS/235/20/catalog,J/ApJS/235/20/catalog,104,J0224.5-0730,36.13833,-7.5007,4.33,3.99,0.61,0.15,0,0,1,WHL J022434.0-072807,36.13653,-7.50044,0.277,1e+20,spec,SDSS,3.95,0.41,1e+20,1e+20,1.68,0.07,1e+20,1e+20,2.11,0.55,0.44,2.42,0.66,0.52,3.88,1.01,0.8,4.45,1.22,0.96,3.1,0.95,0.81,Simbad,NED,36.13833,-7.5007
act_hilton_2018,J/ApJS/235/20/catalog,J/ApJS/235/20/catalog,105,J0226.4+0426,36.62223,4.43568,5.04,4.05,0.9,0.22,0,0,1,,36.62793,4.44403,0.489,1e+20,spec,SDSS,4.29,0.68,1e+20,1e+20,1e+20,1e+20,1e+20,1e+20,2.83,0.67,0.54,3.26,0.82,0.65,4.98,1.19,0.96,5.77,1.44,1.15,4.16,1.2,1.04,Simbad,NED,36.62223,4.43568
act_hilton_2018,J/ApJS/235/20/catalog,J/ApJS/235/20/catalog,106,J0227.6-0317,36.90738,-3.29819,5.42,5.15,0.64,0.12,0,0,0,RzCS 530,36.90926,-3.29925,0.838,1e+20,spec,Lit (5),1e+20,1e+20,1e+20,1e+20,1e+20,1e+20,1e+20,1e+20,2.19,0.42,0.35,2.43,0.48,0.4,3.72,0.72,0.6,4.14,0.83,0.69,3.22,0.81,0.74,Simbad,NED,36.90738,-3.29819
act_hilton_2018,J/ApJS/235/20/catalog,J/ApJS/235/20/catalog,107,J0228.4+0030,37.11017,0.50513,4.92,4.8,0.77,0.16,1,0,1,ACT-CL J0228.5+0030,37.12667,0.50992,0.72,0.02,phot,M13,1e+20,1e+20,6.44,0.65,1e+20,1e+20,1e+20,1e+20,2.51,0.51,0.43,2.83,0.6,0.5,4.31,0.88,0.73,4.87,1.04,0.85,3.7,0.96,0.87,Simbad,NED,37.11017,0.50513
act_hilton_2018,J/ApJS/235/20/catalog,J/ApJS/235/20/catalog,108,J0229.6-0337,37.40368,-3.61778,5.16,5.15,0.7,0.14,0,0,0,WHL J022944.0-033654,37.43319,-3.61487,0.323,1e+20,spec,SDSS,5.09,0.49,1e+20,1e+20,1e+20,1e+20,1e+20,1e+20,2.4,0.54,0.44,2.69,0.63,0.51,4.37,0.99,0.81,4.9,1.15,0.93,3.53,0.98,0.87,Simbad,NED,37.40368,-3.61778
act_hilton_2018,J/ApJS/235/20/catalog,J/ApJS/235/20/catalog,109,J0231.7-0452,37.93178,-4.88227,7.08,6.85,0.92,0.13,0,1,1,CFHT-W CL J023140.9-045348,37.92155,-4.88262,0.186,1e+20,spec,SDSS,11.33,0.49,1e+20,1e+20,1.89,0.04,1e+20,1e+20,3.08,0.72,0.58,3.48,0.85,0.68,5.9,1.38,1.12,6.69,1.63,1.31,4.53,1.29,1.13,Simbad,NED,37.93178,-4.88227
act_hilton_2018,J/ApJS/235/20/catalog,J/ApJS/235/20/catalog,110,J0233.6-0530,38.40111,-5.50959,7.01,6.91,0.96,0.14,0,0,1,CFHT-W CL J023335.2-053026,38.39829,-5.50604,0.435,1e+20,spec,SDSS,6.02,0.67,1e+20,1e+20,13.73,0.55,1e+20,1e+20,3.11,0.61,0.51,3.43,0.7,0.58,5.54,1.09,0.91,6.14,1.25,1.04,4.57,1.16,1.05,Simbad,NED,38.40111,-5.50959
act_hilton_2018,J/ApJS/235/20/catalog,J/ApJS/235/20/catalog,111,J0234.7-0824,38.68272,-8.40787,4.62,4.44,1.17,0.26,0,0,0,,38.68232,-8.40182,1.25,0.15,phot,zC_CFHT$,1e+20,1e+20,1e+20,1e+20,2.19,0.25,1e+20,1e+20,2.7,0.55,0.46,3.2,0.7,0.57,4.66,0.95,0.79,5.54,1.2,0.99,3.98,1.03,0.93,Simbad,NED,38.68272,-8.40787
act_hilton_2018,J/ApJS/235/20/catalog,J/ApJS/235/20/catalog,112,J0238.1+0305,39.53833,3.0974,4.3,4.27,0.97,0.23,0,0,0,,39.52976,3.10209,0.7,0.05,phot,zC_SOAR,1e+20,1e+20,1e+20,1e+20,1e+20,1e+20,6.33,0.87,2.9,0.64,0.52,3.34,0.77,0.62,4.99,1.09,0.9,5.76,1.33,1.08,4.26,1.16,1.03,Simbad,NED,39.53833,3.0974
act_hilton_2018,J/ApJS/235/20/catalog,J/ApJS/235/20/catalog,113,J0238.2+0245,39.56476,2.75807,5.11,5.06,1.03,0.2,0,0,0,,39.55331,2.74543,0.273,1e+20,spec,SDSS,2.46,0.27,1e+20,1e+20,1e+20,1e+20,1e+20,1e+20,3.22,0.78,0.63,3.7,0.94,0.75,5.99,1.44,1.16,6.9,1.75,1.4,4.74,1.38,1.2,Simbad,NED,39.56476,2.75807
act_hilton_2018,J/ApJS/235/20/catalog,J/ApJS/235/20/catalog,114,J0239.3-0332,39.84027,-3.53551,5.0,4.84,0.64,0.13,0,0,1,WHL J023922.4-033220,39.84339,-3.53896,0.251,1e+20,spec,SDSS,5.94,0.44,1e+20,1e+20,1e+20,1e+20,1e+20,1e+20,2.21,0.54,0.43,2.48,0.63,0.5,4.1,1.0,0.8,4.62,1.17,0.93,3.25,0.95,0.82,Simbad,NED,39.84027,-3.53551
act_hilton_2018,J/ApJS/235/20/catalog,J/ApJS/235/20/catalog,115,J0239.8-0134,39.96693,-1.57817,16.79,16.79,2.65,0.16,1,1,1,ABELL 0370,39.97125,-1.58222,0.375,1e+20,spec,S16,19.51,1.29,1e+20,1e+20,1e+20,1e+20,1e+20,1e+20,6.97,1.28,1.08,7.88,1.52,1.27,12.85,2.35,1.99,14.58,2.8,2.35,10.26,2.51,2.3,Simbad,NED,39.96693,-1.57817
act_hilton_2018,J/ApJS/235/20/catalog,J/ApJS/235/20/catalog,116,J0240.0+0115,40.01327,1.263,7.05,7.04,1.17,0.17,1,0,0,,40.00708,1.26844,0.601,1e+20,spec,SDSS,12.17,2.06,4.12,0.73,1e+20,1e+20,1e+20,1e+20,3.51,0.65,0.55,3.89,0.75,0.63,6.11,1.14,0.96,6.81,1.32,1.1,5.15,1.27,1.16,Simbad,NED,40.01327,1.263
act_hilton_2018,J/ApJS/235/20/catalog,J/ApJS/235/20/catalog,117,J0241.2-0018,40.31497,-0.31053,6.59,6.2,1.04,0.17,1,0,0,,40.31417,-0.31139,0.687,1e+20,spec,S16,7.43,1.6,1e+20,1e+20,1e+20,1e+20,1e+20,1e+20,3.16,0.6,0.5,3.52,0.69,0.58,5.45,1.03,0.87,6.1,1.19,1.0,4.64,1.15,1.05,Simbad,NED,40.31497,-0.31053
act_hilton_2018,J/ApJS/235/20/catalog,J/ApJS/235/20/catalog,118,J0242.7-0226,40.68,-2.43828,4.11,4.0,0.62,0.15,0,0,1,,40.68809,-2.44232,0.535,1e+20,spec,SDSS,5.1,0.81,1e+20,1e+20,1e+20,1e+20,1e+20,1e+20,2.18,0.51,0.41,2.47,0.6,0.48,3.8,0.88,0.71,4.32,1.04,0.84,3.21,0.91,0.8,Simbad,NED,40.68,-2.43828
act_hilton_2018,J/ApJS/235/20/catalog,J/ApJS/235/20/catalog,119,J0242.9-0250,40.73945,-2.84366,5.09,5.06,0.78,0.15,0,0,1,,40.73534,-2.83799,0.612,1e+20,spec,SDSS,2.61,0.73,1e+20,1e+20,1e+20,1e+20,1e+20,1e+20,2.59,0.53,0.44,2.9,0.62,0.51,4.48,0.92,0.76,5.03,1.07,0.89,3.81,1.0,0.89,Simbad,NED,40.73945,-2.84366
act_hilton_2018,J/ApJS/235/20/catalog,J/ApJS/235/20/catalog,120,J0245.8-0042,41.45609,-0.70936,4.73,4.64,0.75,0.16,1,1,1,WHL J024551.7-004216,41.46542,-0.70456,0.181,1e+20,spec,SDSS,6.48,0.33,1e+20,1e+20,1e+20,1e+20,1e+20,1e+20,2.51,0.68,0.53,2.91,0.83,0.64,4.8,1.29,1.02,5.58,1.58,1.23,3.7,1.16,0.99,Simbad,NED,41.45609,-0.70936
act_hilton_2018,J/ApJS/235/20/catalog,J/ApJS/235/20/catalog,121,J0247.4-0156,41.85088,-1.94204,4.12,4.0,0.71,0.18,0,0,1,NSCS J024722-015637,41.85029,-1.95143,0.236,1e+20,spec,SDSS,8.26,0.53,1e+20,1e+20,1e+20,1e+20,1e+20,1e+20,2.34,0.63,0.5,2.71,0.78,0.6,4.37,1.19,0.93,5.08,1.45,1.13,3.44,1.09,0.92,Simbad,NED,41.85088,-1.94204
act_hilton_2018,J/ApJS/235/20/catalog,J/ApJS/235/20/catalog,122,J0248.1-0216,42.04684,-2.27498,13.19,13.17,2.7,0.21,0,1,1,WHL J024808.3-021637,42.03476,-2.27699,0.238,1e+20,spec,SDSS,7.52,0.47,1e+20,1e+20,1e+20,1e+20,1e+20,1e+20,7.64,1.58,1.31,8.89,1.96,1.61,14.71,3.05,2.53,17.19,3.79,3.1,11.24,2.96,2.65,Simbad,NED,42.04684,-2.27498
act_hilton_2018,J/ApJS/235/20/catalog,J/ApJS/235/20/catalog,123,J0248.1+0238,42.04872,2.63385,8.56,8.55,2.16,0.25,0,0,1,NSCS J024818+023644,42.05402,2.64108,0.556,1e+20,spec,SDSS,8.22,1.0,1e+20,1e+20,1e+20,1e+20,1e+20,1e+20,5.53,1.02,0.86,6.26,1.21,1.01,9.8,1.81,1.53,11.13,2.15,1.8,8.13,2.0,1.83,Simbad,NED,42.04872,2.63385
act_hilton_2018,J/ApJS/235/20/catalog,J/ApJS/235/20/catalog,124,J0248.7-0019,42.19994,-0.32656,4.61,4.61,0.87,0.19,0,0,0,,42.19744,-0.32496,1.08,0.02,phot,zC_S82,1e+20,1e+20,3.2,1.38,1e+20,1e+20,1e+20,1e+20,2.44,0.48,0.4,2.79,0.57,0.48,4.17,0.82,0.68,4.78,0.98,0.82,3.59,0.91,0.83,Simbad,NED,42.19994,-0.32656
act_hilton_2018,J/ApJS/235/20/catalog,J/ApJS/235/20/catalog,125,J0250.1+0008,42.53354,0.14033,5.18,5.03,1.0,0.2,1,0,1,,42.535,0.13789,0.79,0.02,phot,zC_S82,1e+20,1e+20,2.33,0.43,1e+20,1e+20,1e+20,1e+20,2.93,0.59,0.49,3.32,0.69,0.57,5.02,1.0,0.84,5.72,1.19,0.99,4.31,1.11,1.0,Simbad,NED,42.53354,0.14033
act_hilton_2018,J/ApJS/235/20/catalog,J/ApJS/235/20/catalog,126,J0256.5+0005,44.13262,0.09777,6.6,6.29,1.26,0.2,1,0,1,,44.14042,0.108,0.3625,1e+20,spec,S16,18.27,1.37,12.22,0.63,1e+20,1e+20,1e+20,1e+20,3.81,0.81,0.67,4.31,0.96,0.78,6.94,1.47,1.22,7.86,1.74,1.43,5.61,1.5,1.34,Simbad,NED,44.13262,0.09777
act_hilton_2018,J/ApJS/235/20/catalog,J/ApJS/235/20/catalog,127,J0259.8-0037,44.96841,-0.62359,5.04,4.31,1.04,0.24,0,0,0,WH J025956.1-003800,44.98377,-0.63332,0.63,0.02,phot,zC_S82,1.19,0.54,2.06,0.3,1e+20,1e+20,1e+20,1e+20,3.08,0.68,0.56,3.55,0.83,0.67,5.34,1.19,0.97,6.18,1.44,1.17,4.53,1.25,1.1,Simbad,NED,44.96841,-0.62359
act_hilton_2018,J/ApJS/235/20/catalog,J/ApJS/235/20/catalog,128,J0301.6+0155,45.41306,1.92125,4.81,4.7,1.45,0.31,1,0,0,WHL J030138.2+015515,45.40917,1.92072,0.167,1e+20,spec,Lit (6),6.29,0.3,1e+20,1e+20,1e+20,1e+20,1e+20,1e+20,4.44,1.26,0.98,5.47,1.68,1.29,8.66,2.47,1.92,10.72,3.3,2.52,6.54,2.14,1.79,Simbad,NED,45.41306,1.92125
act_hilton_2018,J/ApJS/235/20/catalog,J/ApJS/235/20/catalog,129,J0303.3+0155,45.83153,1.92683,4.51,4.23,1.34,0.32,1,0,0,ABELL 0409,45.83792,1.92625,0.153,1e+20,spec,Lit (7),6.44,0.28,1e+20,1e+20,1e+20,1e+20,1e+20,1e+20,4.16,1.26,0.97,5.22,1.73,1.3,8.14,2.47,1.9,10.28,3.4,2.55,6.12,2.1,1.73,Simbad,NED,45.83153,1.92683
act_hilton_2018,J/ApJS/235/20/catalog,J/ApJS/235/20/catalog,130,J0320.5+0032,50.12611,0.53748,4.7,4.51,0.92,0.2,1,1,0,SDSS CE J050.120594+00.533045,50.12375,0.53158,0.3847,1e+20,spec,S16,4.33,0.4,5.11,0.28,1e+20,1e+20,1e+20,1e+20,2.92,0.69,0.56,3.35,0.83,0.66,5.26,1.24,1.01,6.04,1.49,1.2,4.3,1.23,1.08,Simbad,NED,50.12611,0.53748
act_hilton_2018,J/ApJS/235/20/catalog,J/ApJS/235/20/catalog,131,J0326.8-0043,51.71292,-0.73309,8.73,8.73,2.01,0.23,1,0,0,WHL J032650.0-004351,51.70792,-0.73103,0.447,1e+20,spec,S16,3.45,0.51,11.67,0.59,1e+20,1e+20,1e+20,1e+20,5.42,1.03,0.87,6.13,1.22,1.02,9.77,1.86,1.57,11.08,2.21,1.85,7.97,1.99,1.81,Simbad,NED,51.71292,-0.73309
act_hilton_2018,J/ApJS/235/20/catalog,J/ApJS/235/20/catalog,132,J0341.9+0105,55.49947,1.09176,5.59,5.16,1.16,0.22,1,0,0,ACT-CL J0342.0+0105,55.50875,1.08542,1.07,0.06,phot,M13,1e+20,1e+20,1e+20,1e+20,1e+20,1e+20,1e+20,1e+20,2.95,0.56,0.47,3.39,0.68,0.56,5.06,0.96,0.81,5.82,1.16,0.97,4.34,1.08,0.99,Simbad,NED,55.49947,1.09176
act_hilton_2018,J/ApJS/235/20/catalog,J/ApJS/235/20/catalog,133,J0342.7-0017,55.68424,-0.29594,4.46,3.96,0.86,0.22,1,0,0,SDSS CE J055.683678-00.286974,55.6775,-0.28564,0.31,1e+20,spec,SDSS,6.26,0.47,5.46,0.28,1e+20,1e+20,1e+20,1e+20,2.73,0.71,0.57,3.18,0.88,0.69,5.0,1.31,1.04,5.85,1.61,1.26,4.02,1.23,1.06,Simbad,NED,55.68424,-0.29594
act_hilton_2018,J/ApJS/235/20/catalog,J/ApJS/235/20/catalog,134,J0345.4+0100,56.35927,1.00005,4.2,3.76,0.87,0.23,0,0,0,WHL J034523.9+010110,56.34949,1.01962,0.183,1e+20,spec,SDSS,5.41,0.33,1e+20,1e+20,1e+20,1e+20,1e+20,1e+20,2.74,0.82,0.63,3.31,1.07,0.81,5.24,1.58,1.21,6.36,2.05,1.55,4.03,1.38,1.14,Simbad,NED,56.35927,1.00005
act_hilton_2018,J/ApJS/235/20/catalog,J/ApJS/235/20/catalog,135,J0347.0-0043,56.75084,-0.71669,4.24,4.14,0.92,0.22,0,0,0,,56.749,-0.71747,0.49,0.02,phot,zC_S82,1e+20,1e+20,2.52,0.31,1e+20,1e+20,1e+20,1e+20,2.88,0.68,0.55,3.32,0.82,0.66,5.08,1.2,0.97,5.87,1.45,1.16,4.24,1.21,1.06,Simbad,NED,56.75084,-0.71669
act_hilton_2018,J/ApJS/235/20/catalog,J/ApJS/235/20/catalog,136,J0348.6+0029,57.1601,0.49003,4.59,4.59,1.15,0.25,1,0,0,WHL J034837.9+002900,57.15292,0.4925,0.3449,1e+20,spec,S16,11.1,0.95,1e+20,1e+20,1e+20,1e+20,1e+20,1e+20,3.45,0.83,0.67,4.0,1.02,0.81,6.3,1.52,1.23,7.33,1.87,1.49,5.08,1.48,1.28,Simbad,NED,57.1601,0.49003
act_hilton_2018,J/ApJS/235/20/catalog,J/ApJS/235/20/catalog,137,J0353.8-0025,58.46612,-0.41828,5.18,5.12,1.36,0.27,0,0,0,,58.45573,-0.42182,0.81,0.02,phot,zC_S82,1e+20,1e+20,2.83,0.68,1e+20,1e+20,1e+20,1e+20,3.58,0.72,0.6,4.12,0.86,0.71,6.17,1.23,1.03,7.11,1.49,1.23,5.27,1.36,1.22,Simbad,NED,58.46612,-0.41828
act_hilton_2018,J/ApJS/235/20/catalog,J/ApJS/235/20/catalog,138,J2015.3-0126,303.8366,-1.44642,7.15,6.44,1.99,0.31,0,0,0,,303.84158,-1.44702,0.39,0.1,phot,zC_PS1,1e+20,1e+20,1e+20,1e+20,1e+20,1e+20,1e+20,1e+20,5.33,1.15,0.94,6.19,1.45,1.18,9.72,2.09,1.72,11.33,2.66,2.15,7.84,2.11,1.88,Simbad,NED,303.8366,-1.44642
act_hilton_2018,J/ApJS/235/20/catalog,J/ApJS/235/20/catalog,139,J2029.2+0029,307.32174,0.49981,5.18,5.14,1.37,0.27,0,0,0,WHL J202917.5+003019,307.32301,0.50525,0.24,0.02,phot,zC_SDSS,4.12,0.4,1e+20,1e+20,1e+20,1e+20,1e+20,1e+20,4.07,1.02,0.82,4.78,1.28,1.01,7.69,1.93,1.54,9.08,2.43,1.91,5.98,1.79,1.54,Simbad,NED,307.32174,0.49981
act_hilton_2018,J/ApJS/235/20/catalog,J/ApJS/235/20/catalog,140,J2050.5-0055,312.62792,-0.93148,6.88,6.86,1.64,0.24,1,0,0,ACT-CL J2050.5-0055,312.62375,-0.92794,0.6226,1e+20,spec,S16,1e+20,1e+20,2.52,0.3,1e+20,1e+20,1e+20,1e+20,4.41,0.83,0.7,4.98,0.99,0.82,7.71,1.46,1.23,8.75,1.73,1.45,6.48,1.61,1.47,Simbad,NED,312.62792,-0.93148
act_hilton_2018,J/ApJS/235/20/catalog,J/ApJS/235/20/catalog,141,J2050.7+0122,312.68507,1.37585,5.79,5.45,1.5,0.28,1,1,0,MCXC J2050.7+0123,312.67958,1.39144,0.3339,1e+20,spec,S16,13.27,1.05,1e+20,1e+20,1e+20,1e+20,1e+20,1e+20,4.32,0.99,0.81,5.0,1.21,0.97,7.94,1.82,1.48,9.23,2.23,1.8,6.35,1.78,1.57,Simbad,NED,312.68507,1.37585
act_hilton_2018,J/ApJS/235/20/catalog,J/ApJS/235/20/catalog,142,J2051.1+0057,312.79667,0.95409,4.32,4.14,1.02,0.25,1,0,0,WHL J205111.1+005646,312.79583,0.94614,0.333,1e+20,spec,SDSS,8.99,0.87,3.89,0.33,1e+20,1e+20,1e+20,1e+20,3.13,0.79,0.63,3.65,0.98,0.77,5.71,1.45,1.16,6.69,1.8,1.42,4.6,1.39,1.19,Simbad,NED,312.79667,0.95409
act_hilton_2018,J/ApJS/235/20/catalog,J/ApJS/235/20/catalog,143,J2055.4+0105,313.85506,1.09585,4.67,4.55,1.15,0.25,1,0,0,GMBCG J313.84687+01.10212,313.84667,1.10208,0.4089,1e+20,spec,S16,5.86,0.77,15.49,0.95,1e+20,1e+20,1e+20,1e+20,3.44,0.81,0.65,3.98,0.98,0.79,6.18,1.45,1.18,7.17,1.77,1.42,5.06,1.44,1.26,Simbad,NED,313.85506,1.09585
act_hilton_2018,J/ApJS/235/20/catalog,J/ApJS/235/20/catalog,144,J2058.8+0122,314.72161,1.37941,6.45,5.17,1.49,0.29,1,1,0,WHL J314.721+01.40299,314.74167,1.37283,0.3285,1e+20,spec,S16,11.25,0.84,1e+20,1e+20,1e+20,1e+20,1e+20,1e+20,4.26,1.0,0.81,4.96,1.23,0.99,7.84,1.84,1.49,9.16,2.28,1.82,6.26,1.79,1.56,Simbad,NED,314.72161,1.37941
act_hilton_2018,J/ApJS/235/20/catalog,J/ApJS/235/20/catalog,145,J2121.7+0040,320.44667,0.67078,4.22,4.16,1.04,0.25,0,0,1,,320.45525,0.67331,0.517,1e+20,spec,SDSS,4.2,0.71,4.99,0.48,1e+20,1e+20,1e+20,1e+20,3.13,0.73,0.59,3.63,0.89,0.72,5.5,1.29,1.04,6.4,1.58,1.27,4.6,1.31,1.15,Simbad,NED,320.44667,0.67078
act_hilton_2018,J/ApJS/235/20/catalog,J/ApJS/235/20/catalog,146,J2128.4+0135,322.10406,1.59953,5.93,4.96,1.76,0.35,1,1,1,WHL J212823.4+013536,322.0975,1.59344,0.3856,1e+20,spec,S16,12.84,0.84,1e+20,1e+20,1e+20,1e+20,1e+20,1e+20,4.75,1.11,0.9,5.6,1.39,1.11,8.65,2.02,1.64,10.24,2.54,2.03,6.99,1.98,1.74,Simbad,NED,322.10406,1.59953
act_hilton_2018,J/ApJS/235/20/catalog,J/ApJS/235/20/catalog,147,J2129.6+0005,322.41146,0.09202,7.63,7.22,1.74,0.24,1,1,1,ACT-CL J2129.6+0005,322.41625,0.08919,0.2337,1e+20,spec,S16,5.96,0.41,1.51,0.14,1e+20,1e+20,1e+20,1e+20,5.14,1.17,0.95,5.96,1.44,1.16,9.79,2.23,1.81,11.41,2.75,2.21,7.55,2.11,1.86,Simbad,NED,322.41146,0.09202
act_hilton_2018,J/ApJS/235/20/catalog,J/ApJS/235/20/catalog,148,J2130.1+0046,322.54254,0.77087,4.73,4.57,1.14,0.25,1,0,0,ACT-CL J2130.1+0045,322.53667,0.78008,0.71,0.04,phot,M13,1e+20,1e+20,1e+20,1e+20,1e+20,1e+20,1e+20,1e+20,3.23,0.69,0.57,3.72,0.83,0.68,5.58,1.19,0.98,6.44,1.44,1.18,4.75,1.27,1.14,Simbad,NED,322.54254,0.77087
act_hilton_2018,J/ApJS/235/20/catalog,J/ApJS/235/20/catalog,149,J2135.2+0125,323.81228,1.42117,7.46,7.35,2.04,0.28,1,1,1,,323.82792,1.42417,0.23,1e+20,spec,SDSS,10.71,0.69,1e+20,1e+20,1e+20,1e+20,1e+20,1e+20,5.9,1.35,1.1,6.92,1.69,1.36,11.31,2.59,2.11,13.33,3.25,2.61,8.68,2.43,2.14,Simbad,NED,323.81228,1.42117
act_hilton_2018,J/ApJS/235/20/catalog,J/ApJS/235/20/catalog,150,J2154.5-0049,328.63066,-0.82143,5.62,5.35,1.33,0.25,1,0,1,WHL J215432.2-004905,328.63458,-0.81678,0.4904,1e+20,spec,S16,3.92,0.75,7.32,0.46,1e+20,1e+20,1e+20,1e+20,3.84,0.82,0.68,4.39,0.98,0.8,6.82,1.46,1.2,7.82,1.75,1.43,5.65,1.51,1.35,Simbad,NED,328.63066,-0.82143
act_hilton_2018,J/ApJS/235/20/catalog,J/ApJS/235/20/catalog,151,J2156.1+0123,329.03977,1.38391,6.22,5.25,1.43,0.27,1,1,1,WHL J215608.6+012327,329.03542,1.39092,0.227,1e+20,spec,SDSS,10.53,0.48,1e+20,1e+20,1e+20,1e+20,1e+20,1e+20,4.27,1.08,0.86,5.04,1.35,1.07,8.12,2.05,1.63,9.62,2.58,2.04,6.28,1.88,1.62,Simbad,NED,329.03977,1.38391
act_hilton_2018,J/ApJS/235/20/catalog,J/ApJS/235/20/catalog,152,J2220.7-0042,335.18833,-0.70421,4.1,4.03,1.03,0.25,1,0,1,CFHT-W CL J222047.6-004130,335.19583,-0.69844,0.599,1e+20,spec,SDSS,1e+20,1e+20,3.24,0.39,0.82,0.07,1e+20,1e+20,3.05,0.71,0.57,3.55,0.87,0.7,5.31,1.23,1.0,6.19,1.51,1.21,4.49,1.27,1.11,Simbad,NED,335.18833,-0.70421
act_hilton_2018,J/ApJS/235/20/catalog,J/ApJS/235/20/catalog,153,J2302.5+0002,345.64761,0.04471,4.96,4.63,1.09,0.24,1,0,1,WHL J230235.1+000234,345.64583,0.04283,0.5199,1e+20,spec,S16,6.09,0.96,9.86,0.61,1e+20,1e+20,1e+20,1e+20,3.28,0.73,0.6,3.77,0.88,0.71,5.78,1.29,1.05,6.65,1.55,1.26,4.83,1.33,1.18,Simbad,NED,345.64761,0.04471
act_hilton_2018,J/ApJS/235/20/catalog,J/ApJS/235/20/catalog,154,J2307.6+0130,346.91333,1.51275,4.25,4.15,1.42,0.34,1,0,1,WHL J230739.9+013056,346.91625,1.5155,0.389,1e+20,spec,SDSS,10.0,0.82,1e+20,1e+20,1e+20,1e+20,1e+20,1e+20,3.95,0.99,0.79,4.7,1.25,0.99,7.16,1.79,1.43,8.55,2.28,1.8,5.81,1.73,1.5,Simbad,NED,346.91333,1.51275
act_hilton_2018,J/ApJS/235/20/catalog,J/ApJS/235/20/catalog,155,J2308.8-0003,347.20916,-0.05,4.18,3.93,0.92,0.23,0,0,1,WHL J230856.0-000234,347.22677,-0.06141,0.464,1e+20,spec,SDSS,1.36,0.3,2.75,0.27,1e+20,1e+20,1e+20,1e+20,2.87,0.7,0.56,3.33,0.86,0.68,5.08,1.24,1.0,5.92,1.52,1.21,4.22,1.24,1.07,Simbad,NED,347.20916,-0.05
act_hilton_2018,J/ApJS/235/20/catalog,J/ApJS/235/20/catalog,156,J2319.7+0030,349.94875,0.50011,4.8,4.73,0.95,0.2,0,0,0,RCS J2319+00 NED02,349.94417,0.50257,0.9024,1e+20,spec,Lit (8),1e+20,1e+20,1e+20,1e+20,1e+20,1e+20,1e+20,1e+20,2.73,0.55,0.46,3.11,0.65,0.54,4.66,0.93,0.78,5.33,1.12,0.92,4.02,1.03,0.93,Simbad,NED,349.94875,0.50011
act_hilton_2018,J/ApJS/235/20/catalog,J/ApJS/235/20/catalog,157,J2320.0+0033,350.00522,0.55009,4.92,4.28,0.86,0.2,0,0,0,RCS J2319+00 NED03,350.00974,0.55053,0.9024,1e+20,spec,Lit (8),1e+20,1e+20,1e+20,1e+20,1e+20,1e+20,1e+20,1e+20,2.53,0.53,0.44,2.91,0.64,0.52,4.32,0.9,0.75,4.97,1.09,0.89,3.73,0.99,0.88,Simbad,NED,350.00522,0.55009
act_hilton_2018,J/ApJS/235/20/catalog,J/ApJS/235/20/catalog,158,J2325.9-0246,351.4999,-2.77065,6.47,6.42,1.28,0.2,0,0,1,,351.50193,-2.77887,0.781,1e+20,spec,SALT,1e+20,1e+20,1e+20,1e+20,1e+20,1e+20,1e+20,1e+20,3.54,0.65,0.55,3.98,0.76,0.64,6.11,1.13,0.95,6.87,1.32,1.11,5.21,1.28,1.17,Simbad,NED,351.4999,-2.77065
act_hilton_2018,J/ApJS/235/20/catalog,J/ApJS/235/20/catalog,159,J2327.4-0204,351.86205,-2.07625,23.74,23.53,4.49,0.19,1,0,0,RCS2 J2327-0204,351.865,-2.07706,0.699,1e+20,spec,Lit (9),5.81,1.47,1e+20,1e+20,1e+20,1e+20,1e+20,1e+20,9.06,1.48,1.27,10.41,1.79,1.53,16.02,2.61,2.25,18.47,3.18,2.71,13.32,3.06,2.85,Simbad,NED,351.86205,-2.07625
act_hilton_2018,J/ApJS/235/20/catalog,J/ApJS/235/20/catalog,160,J2330.2-0012,352.57165,-0.2125,4.27,3.74,0.61,0.16,0,0,0,,352.57891,-0.20596,0.427,1e+20,spec,SDSS,2.88,0.55,3.74,0.36,1e+20,1e+20,1e+20,1e+20,2.12,0.53,0.42,2.43,0.63,0.5,3.76,0.94,0.75,4.32,1.13,0.89,3.12,0.93,0.8,Simbad,NED,352.57165,-0.2125
act_hilton_2018,J/ApJS/235/20/catalog,J/ApJS/235/20/catalog,161,J2332.8+0109,353.21443,1.16585,5.04,5.01,0.73,0.15,0,0,1,WHL J233252.8+011006,353.21999,1.16846,0.487,1e+20,spec,SDSS,5.56,0.75,14.33,0.81,1e+20,1e+20,1e+20,1e+20,2.5,0.53,0.44,2.8,0.62,0.51,4.4,0.94,0.77,4.93,1.09,0.89,3.68,0.99,0.88,Simbad,NED,353.21443,1.16585
act_hilton_2018,J/ApJS/235/20/catalog,J/ApJS/235/20/catalog,162,J2333.1+0348,353.29245,3.81532,4.45,4.43,1.05,0.24,0,0,0,,353.28812,3.79729,0.679,1e+20,spec,SDSS,1e+20,1e+20,1e+20,1e+20,1e+20,1e+20,4.7,0.69,3.08,0.67,0.55,3.55,0.81,0.66,5.32,1.15,0.95,6.15,1.4,1.14,4.53,1.23,1.09,Simbad,NED,353.29245,3.81532
act_hilton_2018,J/ApJS/235/20/catalog,J/ApJS/235/20/catalog,163,J2333.9-0237,353.47646,-2.62348,4.73,4.7,0.91,0.19,0,0,0,WHL J233349.4-023737,353.45587,-2.62688,0.415,1e+20,spec,SDSS,7.12,0.65,1e+20,1e+20,1e+20,1e+20,1e+20,1e+20,2.91,0.66,0.54,3.3,0.79,0.64,5.19,1.19,0.97,5.92,1.41,1.14,4.27,1.2,1.05,Simbad,NED,353.47646,-2.62348
act_hilton_2018,J/ApJS/235/20/catalog,J/ApJS/235/20/catalog,164,J2334.7-0104,353.67582,-1.07506,4.41,4.43,0.66,0.15,0,0,1,,353.67548,-1.07412,0.545,1e+20,spec,SDSS,2.67,0.56,3.02,0.29,1e+20,1e+20,1e+20,1e+20,2.29,0.51,0.41,2.58,0.59,0.48,3.99,0.88,0.72,4.49,1.03,0.84,3.37,0.92,0.82,Simbad,NED,353.67582,-1.07506
act_hilton_2018,J/ApJS/235/20/catalog,J/ApJS/235/20/catalog,165,J2336.1-0111,354.03555,-1.18617,4.16,4.16,0.6,0.14,0,0,1,MaxBCG J354.03652-01.18345,354.03652,-1.18347,0.265,1e+20,spec,SDSS,3.88,0.42,6.43,0.41,1e+20,1e+20,1e+20,1e+20,2.07,0.53,0.42,2.36,0.63,0.5,3.82,0.98,0.78,4.36,1.17,0.92,3.04,0.92,0.79,Simbad,NED,354.03555,-1.18617
act_hilton_2018,J/ApJS/235/20/catalog,J/ApJS/235/20/catalog,166,J2337.6-0856,354.40094,-8.9401,5.12,4.51,1.49,0.33,0,0,0,WHL J233736.7-085700,354.40309,-8.9501,0.79,0.03,phot,zC_SDSS,6.22,2.48,1e+20,1e+20,1e+20,1e+20,1e+20,1e+20,3.77,0.8,0.66,4.41,0.99,0.81,6.49,1.38,1.14,7.64,1.72,1.4,5.54,1.48,1.32,Simbad,NED,354.40094,-8.9401
act_hilton_2018,J/ApJS/235/20/catalog,J/ApJS/235/20/catalog,167,J2337.6+0016,354.40922,0.27108,12.3,11.99,1.71,0.14,1,1,1,WHL J233739.7+001616,354.41542,0.27136,0.2769,1e+20,spec,S16,7.17,0.5,5.02,0.22,1e+20,1e+20,1e+20,1e+20,5.09,1.01,0.84,5.71,1.18,0.98,9.56,1.89,1.58,10.76,2.22,1.84,7.48,1.91,1.73,Simbad,NED,354.40922,0.27108
act_hilton_2018,J/ApJS/235/20/catalog,J/ApJS/235/20/catalog,168,J2341.2-0901,355.31534,-9.0226,4.31,4.3,1.79,0.42,0,1,1,ABELL 2645,355.32092,-9.01994,0.251,1e+20,spec,SDSS,7.11,0.51,1e+20,1e+20,1e+20,1e+20,1e+20,1e+20,4.91,1.34,1.05,6.04,1.78,1.37,9.29,2.53,1.99,11.49,3.39,2.62,7.22,2.29,1.94,Simbad,NED,355.31534,-9.0226
act_hilton_2018,J/ApJS/235/20/catalog,J/ApJS/235/20/catalog,169,J2341.8-0743,355.45919,-7.73178,4.55,3.8,0.95,0.25,0,0,1,WHL J234148.6-074349,355.45254,-7.73033,0.39,0.02,phot,zC_SDSS,11.57,1.17,1e+20,1e+20,1e+20,1e+20,1e+20,1e+20,2.91,0.75,0.59,3.41,0.93,0.73,5.23,1.34,1.07,6.15,1.67,1.31,4.28,1.3,1.12,Simbad,NED,355.45919,-7.73178
act_hilton_2018,J/ApJS/235/20/catalog,J/ApJS/235/20/catalog,170,J2342.4+0406,355.60935,4.10351,4.4,4.32,0.65,0.15,0,0,0,WHL J234226.5+040642,355.62916,4.10386,0.57,0.04,phot,zC_SDSS,1.61,0.48,1e+20,1e+20,1e+20,1e+20,1e+20,1e+20,2.27,0.5,0.41,2.55,0.59,0.48,3.93,0.87,0.71,4.44,1.02,0.83,3.33,0.91,0.81,Simbad,NED,355.60935,4.10351
act_hilton_2018,J/ApJS/235/20/catalog,J/ApJS/235/20/catalog,171,J2343.7+0018,355.92681,0.30618,4.92,4.29,0.68,0.16,0,1,1,NSCS J234339+001747,355.89862,0.33093,0.27,1e+20,spec,SDSS,8.89,0.68,8.27,0.39,1e+20,1e+20,1e+20,1e+20,2.29,0.58,0.47,2.62,0.7,0.55,4.23,1.08,0.86,4.85,1.29,1.02,3.37,1.02,0.88,Simbad,NED,355.92681,0.30618
act_hilton_2018,J/ApJS/235/20/catalog,J/ApJS/235/20/catalog,172,J2344.6+0305,356.15825,3.0843,8.9,8.73,1.29,0.15,0,1,1,NSCS J234433+030506,356.1572,3.08432,0.351,1e+20,spec,SDSS,7.23,0.64,1e+20,1e+20,1e+20,1e+20,1e+20,1e+20,3.96,0.77,0.65,4.4,0.89,0.74,7.24,1.42,1.18,8.07,1.64,1.36,5.83,1.48,1.34,Simbad,NED,356.15825,3.0843
act_hilton_2018,J/ApJS/235/20/catalog,J/ApJS/235/20/catalog,173,J2345.2-0041,356.30071,-0.69168,4.41,4.01,0.65,0.16,0,0,0,,356.30877,-0.69252,0.57,0.02,phot,zC_S82,1e+20,1e+20,6.62,0.74,1e+20,1e+20,1e+20,1e+20,2.26,0.52,0.42,2.56,0.61,0.5,3.91,0.9,0.73,4.46,1.07,0.86,3.32,0.93,0.82,Simbad,NED,356.30071,-0.69168
act_hilton_2018,J/ApJS/235/20/catalog,J/ApJS/235/20/catalog,174,J2345.2-0302,356.31941,-3.04704,7.1,7.09,1.26,0.18,0,1,1,WHL J234517.1-030239,356.32119,-3.04413,0.319,1e+20,spec,SDSS,5.94,0.57,1e+20,1e+20,1e+20,1e+20,1e+20,1e+20,3.87,0.81,0.67,4.34,0.95,0.78,7.12,1.5,1.24,8.02,1.76,1.44,5.69,1.51,1.35,Simbad,NED,356.31941,-3.04704
act_hilton_2018,J/ApJS/235/20/catalog,J/ApJS/235/20/catalog,175,J2345.5+0324,356.37594,3.40406,6.47,6.33,0.91,0.14,0,0,1,,356.37168,3.40524,0.548,1e+20,spec,SDSS,8.25,1.35,1e+20,1e+20,1e+20,1e+20,1e+20,1e+20,2.95,0.57,0.48,3.27,0.66,0.55,5.17,1.0,0.84,5.73,1.15,0.96,4.34,1.1,0.99,Simbad,NED,356.37594,3.40406
act_hilton_2018,J/ApJS/235/20/catalog,J/ApJS/235/20/catalog,176,J2347.5+0116,356.89723,1.26819,6.44,6.19,0.88,0.14,0,0,0,,356.89932,1.2673,0.96,0.05,phot,zC_SOAR,1e+20,1e+20,1e+20,1e+20,1e+20,1e+20,3.86,1.03,2.62,0.47,0.4,2.91,0.54,0.46,4.46,0.8,0.68,4.98,0.92,0.78,3.85,0.93,0.85,Simbad,NED,356.89723,1.26819
act_hilton_2018,J/ApJS/235/20/catalog,J/ApJS/235/20/catalog,177,J2349.1-0227,357.28665,-2.45928,4.86,4.54,0.65,0.14,0,0,1,,357.29424,-2.4676,0.451,1e+20,spec,SDSS,2.54,0.43,1e+20,1e+20,1e+20,1e+20,1e+20,1e+20,2.28,0.51,0.42,2.56,0.6,0.49,4.03,0.91,0.74,4.53,1.06,0.86,3.35,0.93,0.82,Simbad,NED,357.28665,-2.45928
act_hilton_2018,J/ApJS/235/20/catalog,J/ApJS/235/20/catalog,178,J2351.7+0009,357.93123,0.15123,5.35,5.19,0.74,0.14,1,0,0,,357.93583,0.1545,0.99,0.03,phot,M13,1e+20,1e+20,1e+20,1e+20,1e+20,1e+20,1e+20,1e+20,2.29,0.43,0.36,2.56,0.5,0.42,3.89,0.73,0.62,4.37,0.86,0.72,3.36,0.83,0.76,Simbad,NED,357.93123,0.15123
act_hilton_2018,J/ApJS/235/20/catalog,J/ApJS/235/20/catalog,179,J2351.7-0859,357.9469,-8.98701,7.09,6.72,2.08,0.31,0,1,0,WHL J357.962-08.99151,357.9623,-8.9915,0.392,1e+20,spec,SDSS,2.65,0.4,1e+20,1e+20,1e+20,1e+20,1e+20,1e+20,5.54,1.16,0.96,6.41,1.42,1.16,10.11,2.12,1.75,11.73,2.6,2.13,8.15,2.16,1.93,Simbad,NED,357.9469,-8.98701
act_hilton_2018,J/ApJS/235/20/catalog,J/ApJS/235/20/catalog,180,J2354.1+0240,358.54288,2.66767,6.86,5.88,0.89,0.15,0,0,1,NSCS J235412+023756,358.54758,2.6686,0.227,1e+20,spec,SDSS,3.28,0.25,1e+20,1e+20,1e+20,1e+20,1e+20,1e+20,2.92,0.68,0.55,3.3,0.81,0.65,5.49,1.29,1.04,6.23,1.53,1.23,4.29,1.22,1.07,Simbad,NED,358.54288,2.66767
act_hilton_2018,J/ApJS/235/20/catalog,J/ApJS/235/20/catalog,181,J2354.5-0729,358.63,-7.48394,4.36,4.29,1.07,0.25,0,0,1,,358.62773,-7.48872,0.508,1e+20,spec,SDSS,4.76,0.71,1e+20,1e+20,1e+20,1e+20,1e+20,1e+20,3.2,0.74,0.6,3.7,0.9,0.72,5.64,1.31,1.06,6.54,1.59,1.28,4.7,1.33,1.17,Simbad,NED,358.63,-7.48394
act_hilton_2018,J/ApJS/235/20/catalog,J/ApJS/235/20/catalog,182,J2359.5+0208,359.87931,2.14516,4.78,4.55,0.71,0.16,0,0,1,,359.88975,2.13996,0.425,1e+20,spec,SDSS,5.28,0.63,1e+20,1e+20,1e+20,1e+20,1e+20,1e+20,2.43,0.55,0.45,2.73,0.65,0.52,4.31,0.98,0.8,4.87,1.16,0.93,3.57,1.0,0.88,Simbad,NED,359.87931,2.14516
