catalog,vizier_source,vizier_table,recno,RXC,Name,n_Name,RAJ2000,DEJ2000,z,CR,FX,FX_,Error,LX,NH,ID,r_z,RA_deg,Dec_deg
noras,J/ApJS/129/435/table1,J/ApJS/129/435/table1,1,RXC J0000.1+0816,UGC 12890,,0.0295,8.2744,0.0396,0.26,5.8,5.39,12.4,0.37,5.9,,"1, 3",0.0295,8.2744
noras,J/ApJS/129/435/table1,J/ApJS/129/435/table1,2,RXC J0001.9+1204,A2692,,0.4877,12.073,0.2033,0.08,1.82,1.81,17.9,3.24,5.1,,1,0.4877,12.073
noras,J/ApJS/129/435/table1,J/ApJS/129/435/table1,3,RXC J0004.9+1142,UGC 00032,,1.2473,11.7006,0.0761,0.17,3.78,3.68,12.7,0.93,5.3,,"2, 4",1.2473,11.7006
noras,J/ApJS/129/435/table1,J/ApJS/129/435/table1,4,RXC J0005.3+1612,A2703,,1.344,16.2105,0.1164,0.24,4.96,4.94,11.8,2.88,3.7,B,"2, 5",1.344,16.2105
noras,J/ApJS/129/435/table1,J/ApJS/129/435/table1,5,RXC J0006.3+1052,,a,1.5906,10.8677,0.1698,0.15,3.28,3.28,19.3,4.05,5.6,,1,1.5906,10.8677
noras,J/ApJS/129/435/table1,J/ApJS/129/435/table1,6,RXC J0011.7+3225,A0007,,2.935,32.417,0.1073,0.44,9.6,9.6,9.1,4.75,5.5,,"2, 3, 6",2.935,32.417
noras,J/ApJS/129/435/table1,J/ApJS/129/435/table1,7,RXC J0016.7+0646,A0016,,4.1895,6.7736,0.0833,0.09,2.0,1.95,20.2,0.59,4.1,,"1, 6",4.1895,6.7736
noras,J/ApJS/129/435/table1,J/ApJS/129/435/table1,8,RXC J0019.6+2517,,,4.9128,25.2908,0.1353,0.16,3.29,3.28,21.6,2.6,3.6,,1,4.9128,25.2908
noras,J/ApJS/129/435/table1,J/ApJS/129/435/table1,9,RXC J0020.1+0005,,,5.0444,0.0917,0.2124,0.03,0.55,0.53,35.1,1.08,2.8,,1,5.0444,0.0917
noras,J/ApJS/129/435/table1,J/ApJS/129/435/table1,10,RXC J0020.6+2840,A0021,,5.1705,28.6751,0.094,0.33,7.1,7.08,11.6,2.68,4.5,,"2, 6, 7",5.1705,28.6751
noras,J/ApJS/129/435/table1,J/ApJS/129/435/table1,11,RXC J0021.5+2803,IV Zw 015,,5.3997,28.0513,0.0948,0.22,4.68,4.64,20.9,1.8,4.2,,1,5.3997,28.0513
noras,J/ApJS/129/435/table1,J/ApJS/129/435/table1,12,RXC J0024.5+3312,,,6.1327,33.2087,0.226,0.11,2.33,2.33,18.4,5.1,5.3,,1,6.1327,33.2087
noras,J/ApJS/129/435/table1,J/ApJS/129/435/table1,13,RXC J0027.8+2616,,,6.9573,26.2738,0.3668,0.11,2.3,2.31,20.1,12.93,3.9,,1,6.9573,26.2738
noras,J/ApJS/129/435/table1,J/ApJS/129/435/table1,14,RXC J0039.6+2114,A0075,,9.9,21.239,0.0619,0.11,2.34,2.17,40.8,0.36,3.4,b,"2, 6",9.9,21.239
noras,J/ApJS/129/435/table1,J/ApJS/129/435/table1,15,RXC J0040.4+2933,A0077,,10.114,29.5593,0.0712,0.38,8.26,8.19,9.8,1.8,5.3,,"2, 5",10.114,29.5593
noras,J/ApJS/129/435/table1,J/ApJS/129/435/table1,16,RXC J0041.7+2124,A0084,,10.4462,21.414,0.1014,0.2,4.13,4.09,16.7,1.82,3.4,,"2, 6",10.4462,21.414
noras,J/ApJS/129/435/table1,J/ApJS/129/435/table1,17,RXC J0058.9+2657,,b,14.7258,26.9507,0.0451,0.23,5.05,4.92,12.9,0.43,5.7,,"1, 41",14.7258,26.9507
noras,J/ApJS/129/435/table1,J/ApJS/129/435/table1,18,RXC J0105.0+0201,IC 1613,,16.2595,2.0301,0.1967,0.13,2.64,2.64,15.4,4.38,2.8,,"2, 39",16.2595,2.0301
noras,J/ApJS/129/435/table1,J/ApJS/129/435/table1,19,RXC J0106.8+0103,,,16.7094,1.0546,0.2537,0.15,3.16,3.18,13.6,8.65,3.2,C,1,16.7094,1.0546
noras,J/ApJS/129/435/table1,J/ApJS/129/435/table1,20,RXC J0108.2+0210,A0147,,17.0533,2.18,0.0447,0.23,4.62,4.29,16.0,0.37,3.0,,"2, 6",17.0533,2.18
noras,J/ApJS/129/435/table1,J/ApJS/129/435/table1,21,RXC J0110.0+1358,A0152,,17.5229,13.9804,0.0581,0.06,1.26,0.95,29.5,0.14,3.9,,"2, 27",17.5229,13.9804
noras,J/ApJS/129/435/table1,J/ApJS/129/435/table1,22,RXC J0110.9+3308,NGC 0410,,17.7419,33.1494,0.0177,0.17,3.73,2.68,24.1,0.04,5.9,,"2, 43",17.7419,33.1494
noras,J/ApJS/129/435/table1,J/ApJS/129/435/table1,23,RXC J0112.2+3302,,,18.0721,33.0384,0.1249,0.07,1.61,1.57,18.0,1.08,5.9,,1,18.0721,33.0384
noras,J/ApJS/129/435/table1,J/ApJS/129/435/table1,24,RXC J0113.0+1531,A0160,,18.2741,15.517,0.0442,0.22,4.67,4.34,14.1,0.37,4.4,,"2, 6",18.2741,15.517
noras,J/ApJS/129/435/table1,J/ApJS/129/435/table1,25,RXC J0114.9+0024,A0168,,18.7397,0.4056,0.0448,0.53,10.93,10.63,10.0,0.92,3.3,cL,"2, 30, 37",18.7397,0.4056
noras,J/ApJS/129/435/table1,J/ApJS/129/435/table1,26,RXC J0121.9+0021,A0181,,20.4929,0.3575,0.1756,0.07,1.38,1.37,31.1,1.85,3.3,,"1, 9",20.4929,0.3575
noras,J/ApJS/129/435/table1,J/ApJS/129/435/table1,27,RXC J0123.1+3327,,c,20.797,33.462,0.0153,0.28,6.1,4.36,11.7,0.04,5.3,B,"2, 35",20.797,33.462
noras,J/ApJS/129/435/table1,J/ApJS/129/435/table1,28,RXC J0125.5+0145,N0533,,21.3744,1.7629,0.0183,0.33,6.74,4.71,15.0,0.06,3.1,,"2, 10",21.3744,1.7629
noras,J/ApJS/129/435/table1,J/ApJS/129/435/table1,29,RXC J0142.0+2130,,,25.5128,21.5109,0.0698,0.14,3.32,3.23,14.5,0.69,7.3,,1,25.5128,21.5109
noras,J/ApJS/129/435/table1,J/ApJS/129/435/table1,30,RXC J0152.7+0100,A0267,,28.1817,1.016,0.227,0.21,4.28,4.3,12.7,9.37,2.8,,"1, 29, 32",28.1817,1.016
noras,J/ApJS/129/435/table1,J/ApJS/129/435/table1,31,RXC J0152.7+3609,A0262,,28.1948,36.1513,0.0163,3.34,73.07,71.13,4.0,0.81,5.5,L,"2, 6, 43",28.1948,36.1513
noras,J/ApJS/129/435/table1,J/ApJS/129/435/table1,32,RXC J0152.9+3732,A0263,,28.2451,37.5354,0.2993,0.09,2.03,2.03,20.4,7.71,5.4,,1,28.2451,37.5354
noras,J/ApJS/129/435/table1,J/ApJS/129/435/table1,33,RXC J0155.1+3355,A0272,,28.7897,33.9222,0.0872,0.26,5.79,5.75,14.8,1.9,5.7,B,"2, 6",28.7897,33.9222
noras,J/ApJS/129/435/table1,J/ApJS/129/435/table1,34,RXC J0200.2+3126,NGC 0777,,30.0687,31.4365,0.0168,0.22,4.69,3.36,14.0,0.04,5.5,,"2, 17",30.0687,31.4365
noras,J/ApJS/129/435/table1,J/ApJS/129/435/table1,35,RXC J0209.5+1946,A0311,,32.3796,19.7695,0.0657,0.23,5.47,5.34,17.9,1.0,8.9,,"2, 18",32.3796,19.7695
noras,J/ApJS/129/435/table1,J/ApJS/129/435/table1,36,RXC J0228.1+2811,,,37.0401,28.1943,0.0353,0.26,6.03,5.62,13.8,0.3,7.9,,"2, 41",37.0401,28.1943
noras,J/ApJS/129/435/table1,J/ApJS/129/435/table1,37,RXC J0246.0+3653,A0376,,41.5108,36.8879,0.0488,0.59,13.3,13.2,6.6,1.36,6.8,,"2, 6, 13",41.5108,36.8879
noras,J/ApJS/129/435/table1,J/ApJS/129/435/table1,38,RXC J0255.8+0918,IC 1867,,43.9639,9.3134,0.0258,0.12,2.93,2.26,20.7,0.07,11.8,?,"2, 36",43.9639,9.3134
noras,J/ApJS/129/435/table1,J/ApJS/129/435/table1,39,RXC J0257.8+1302,A0399,,44.4574,13.0492,0.0722,1.23,30.36,30.41,5.4,6.78,10.6,,"2, 6",44.4574,13.0492
noras,J/ApJS/129/435/table1,J/ApJS/129/435/table1,40,RXC J0258.9+1334,A0401,,44.7396,13.5795,0.0739,2.05,50.29,50.45,6.5,11.76,10.2,L,"2, 6",44.7396,13.5795
noras,J/ApJS/129/435/table1,J/ApJS/129/435/table1,41,RXC J0301.6+0155,Zw 0258.9+0142,,45.4083,1.9205,0.1695,0.22,4.96,4.97,15.8,6.07,7.7,,"1, 29",45.4083,1.9205
noras,J/ApJS/129/435/table1,J/ApJS/129/435/table1,42,RXC J0311.5+0714,,,47.8992,7.238,0.142,0.06,1.69,1.68,20.9,1.47,14.0,?,1,47.8992,7.238
noras,J/ApJS/129/435/table1,J/ApJS/129/435/table1,43,RXC J0313.3+2624,,,48.3437,26.4068,0.1649,0.07,1.74,1.73,20.6,2.04,11.9,,1,48.3437,26.4068
noras,J/ApJS/129/435/table1,J/ApJS/129/435/table1,44,RXC J0338.6+0958,2A0335,,54.6699,9.9745,0.0347,2.72,80.91,80.91,3.1,4.21,18.6,,"2, 22",54.6699,9.9745
noras,J/ApJS/129/435/table1,J/ApJS/129/435/table1,45,RXC J0341.2+1524,,,55.3206,15.4074,0.0311,0.62,17.78,17.42,7.5,0.73,16.7,,"2, 29",55.3206,15.4074
noras,J/ApJS/129/435/table1,J/ApJS/129/435/table1,46,RXC J0352.9+1941,,d,58.2492,19.6895,0.1085,0.29,7.83,7.83,10.7,3.96,13.9,,"1, 29",58.2492,19.6895
noras,J/ApJS/129/435/table1,J/ApJS/129/435/table1,47,RXC J0404.6+1109,,a,61.1558,11.1658,0.3548,0.07,1.9,1.91,22.5,10.1,14.0,,1,61.1558,11.1658
noras,J/ApJS/129/435/table1,J/ApJS/129/435/table1,48,RXC J0413.4+1028,A0478,,63.3565,10.4669,0.0882,1.47,40.45,40.51,5.1,13.31,15.3,,"2, 6",63.3565,10.4669
noras,J/ApJS/129/435/table1,J/ApJS/129/435/table1,49,RXC J0419.6+0224,N1550,,64.9067,2.4144,0.0123,1.81,45.84,42.78,8.0,0.28,11.6,L,"2, 41",64.9067,2.4144
noras,J/ApJS/129/435/table1,J/ApJS/129/435/table1,50,RXC J0439.0+0520,,d,69.7598,5.3439,0.208,0.19,4.59,4.61,12.9,8.47,9.8,,"1, 29",69.7598,5.3439
noras,J/ApJS/129/435/table1,J/ApJS/129/435/table1,51,RXC J0439.0+0715,,e,69.7528,7.2625,0.245,0.18,4.51,4.52,13.2,11.38,10.6,,"1, 38",69.7528,7.2625
noras,J/ApJS/129/435/table1,J/ApJS/129/435/table1,52,RXC J0448.0+1037,,,72.0016,10.6183,0.094,0.08,2.22,2.17,26.9,0.84,14.4,,1,72.0016,10.6183
noras,J/ApJS/129/435/table1,J/ApJS/129/435/table1,53,RXC J0448.2+0952,,,72.0619,9.8736,0.0,0.13,3.6,3.6,14.9,0.0,14.1,,1,72.0619,9.8736
noras,J/ApJS/129/435/table1,J/ApJS/129/435/table1,54,RXC J0454.1+0255,A0520,,73.5458,2.918,0.203,0.36,8.33,8.37,10.6,14.52,7.8,,"2, 5",73.5458,2.918
noras,J/ApJS/129/435/table1,J/ApJS/129/435/table1,55,RXC J0459.1+0846,A0523,,74.7757,8.7804,0.1034,0.14,3.59,3.57,16.4,1.65,11.8,,"1, 3",74.7757,8.7804
noras,J/ApJS/129/435/table1,J/ApJS/129/435/table1,56,RXC J0503.1+0607,,d,75.7802,6.1272,0.088,0.22,5.35,5.31,13.6,1.77,9.4,,"1, 29",75.7802,6.1272
noras,J/ApJS/129/435/table1,J/ApJS/129/435/table1,57,RXC J0506.9+0257,,,76.7253,2.9523,0.1475,0.07,1.56,1.55,22.8,1.47,8.6,,1,76.7253,2.9523
noras,J/ApJS/129/435/table1,J/ApJS/129/435/table1,58,RXC J0618.5+6724,A0554,,94.65,67.407,0.1127,0.12,2.85,2.83,17.7,1.55,7.5,,1,94.65,67.407
noras,J/ApJS/129/435/table1,J/ApJS/129/435/table1,59,RXC J0704.4+6318,A0566,,106.1022,63.3161,0.098,0.33,7.13,7.11,11.7,2.94,5.1,,"2, 6",106.1022,63.3161
noras,J/ApJS/129/435/table1,J/ApJS/129/435/table1,60,RXC J0708.1+7151,A0565,,107.0316,71.857,0.1053,0.14,2.93,2.9,16.0,1.4,4.7,,"2, 18, 40",107.0316,71.857
noras,J/ApJS/129/435/table1,J/ApJS/129/435/table1,61,RXC J0716.7+5324,Zw 0712.9+5834,,109.1776,53.4078,0.0644,0.19,4.3,4.18,28.7,0.75,6.9,,2,109.1776,53.4078
noras,J/ApJS/129/435/table1,J/ApJS/129/435/table1,62,RXC J0721.3+5547,A0576,,110.3426,55.7864,0.0381,1.03,22.72,22.54,7.0,1.41,5.7,,"2, 6",110.3426,55.7864
noras,J/ApJS/129/435/table1,J/ApJS/129/435/table1,63,RXC J0724.9+6658,A0578,,111.2298,66.9785,0.0863,0.13,2.78,2.7,16.3,0.88,4.4,,"2, 34",111.2298,66.9785
noras,J/ApJS/129/435/table1,J/ApJS/129/435/table1,64,RXC J0726.0+4122,A0580,,111.5022,41.3821,0.112,0.18,3.98,3.95,15.8,2.15,6.8,,1,111.5022,41.3821
noras,J/ApJS/129/435/table1,J/ApJS/129/435/table1,65,RXC J0728.9+2935,,,112.2379,29.5863,0.3976,0.04,0.95,0.95,25.7,6.36,6.0,?,1,112.2379,29.5863
noras,J/ApJS/129/435/table1,J/ApJS/129/435/table1,66,RXC J0729.7+7915,A0575,,112.4419,79.2537,0.1058,0.09,1.95,1.89,16.8,0.93,3.8,,1,112.4419,79.2537
noras,J/ApJS/129/435/table1,J/ApJS/129/435/table1,67,RXC J0732.3+3137,A0586,,113.0916,31.6296,0.171,0.37,7.91,7.94,9.1,9.84,4.9,,"2, 3, 6",113.0916,31.6296
noras,J/ApJS/129/435/table1,J/ApJS/129/435/table1,68,RXC J0736.4+3925,,,114.1059,39.4332,0.1177,0.34,7.59,7.59,8.8,4.49,6.4,C,1,114.1059,39.4332
noras,J/ApJS/129/435/table1,J/ApJS/129/435/table1,69,RXC J0737.6+5920,,,114.4223,59.3404,0.0384,0.09,1.93,1.47,29.1,0.09,4.9,,2,114.4223,59.3404
noras,J/ApJS/129/435/table1,J/ApJS/129/435/table1,70,RXC J0740.9+5525,UGC 03957,,115.2476,55.432,0.034,0.85,18.09,17.6,7.5,0.88,4.6,,"2, 11",115.2476,55.432
noras,J/ApJS/129/435/table1,J/ApJS/129/435/table1,71,RXC J0741.5+2557,,,115.3757,25.9628,0.1577,0.05,0.96,0.94,24.5,1.04,4.8,,1,115.3757,25.9628
noras,J/ApJS/129/435/table1,J/ApJS/129/435/table1,72,RXC J0741.7+7414,Zw 0735.7+7421,,115.4367,74.2478,0.2149,0.19,4.06,4.08,11.4,7.94,4.1,,"1, 5",115.4367,74.2478
noras,J/ApJS/129/435/table1,J/ApJS/129/435/table1,73,RXC J0746.6+3100,,,116.6554,31.0136,0.0579,0.1,2.27,2.11,21.0,0.31,5.1,,1,116.6554,31.0136
noras,J/ApJS/129/435/table1,J/ApJS/129/435/table1,74,RXC J0748.1+1832,,,117.0394,18.5465,0.04,0.18,3.72,2.82,21.0,0.2,4.1,,1,117.0394,18.5465
noras,J/ApJS/129/435/table1,J/ApJS/129/435/table1,75,RXC J0751.3+5012,UGC 04052,,117.8437,50.2125,0.0228,0.38,8.2,6.22,29.6,0.14,5.1,,"1, 41",117.8437,50.2125
noras,J/ApJS/129/435/table1,J/ApJS/129/435/table1,76,RXC J0756.9+3839,,,119.2316,38.6501,0.2203,0.07,1.51,1.51,35.1,3.17,5.1,,1,119.2316,38.6501
noras,J/ApJS/129/435/table1,J/ApJS/129/435/table1,77,RXC J0758.3+2640,,,119.5888,26.6792,0.2315,0.05,1.05,1.04,24.3,2.43,3.9,,1,119.5888,26.6792
noras,J/ApJS/129/435/table1,J/ApJS/129/435/table1,78,RXC J0759.7+5400,Zw 0755.8+5408,,119.9284,54.0016,0.1032,0.21,4.39,4.35,17.3,2.01,3.8,,"1, 41",119.9284,54.0016
noras,J/ApJS/129/435/table1,J/ApJS/129/435/table1,79,RXC J0800.9+3602,A0611,,120.2455,36.0471,0.288,0.12,2.47,2.48,18.5,8.63,4.9,,"1, 29, 38",120.2455,36.0471
noras,J/ApJS/129/435/table1,J/ApJS/129/435/table1,80,RXC J0804.3+4646,A0616,,121.0915,46.7823,0.1868,0.08,1.66,1.65,36.7,2.51,4.5,,1,121.0915,46.7823
noras,J/ApJS/129/435/table1,J/ApJS/129/435/table1,81,RXC J0805.7+4541,A0620,,121.4304,45.6903,0.1353,0.09,1.93,1.91,20.9,1.53,4.8,,1,121.4304,45.6903
noras,J/ApJS/129/435/table1,J/ApJS/129/435/table1,82,RXC J0811.0+1644,A0635,,122.7599,16.7349,0.0925,0.09,1.81,1.76,28.5,0.66,3.7,,1,122.7599,16.7349
noras,J/ApJS/129/435/table1,J/ApJS/129/435/table1,83,RXC J0811.1+7002,A0621,,122.7833,70.0395,0.223,0.2,4.25,4.27,15.3,8.97,3.7,,"1, 29",122.7833,70.0395
noras,J/ApJS/129/435/table1,J/ApJS/129/435/table1,84,RXC J0821.0+0751,,d,125.2574,7.866,0.11,0.18,3.56,3.53,15.5,1.86,1.8,,"1, 29",125.2574,7.866
noras,J/ApJS/129/435/table1,J/ApJS/129/435/table1,85,RXC J0822.1+4705,A0646,,125.5404,47.0999,0.1303,0.34,7.19,7.19,9.1,5.25,3.8,,"2, 6",125.5404,47.0999
noras,J/ApJS/129/435/table1,J/ApJS/129/435/table1,86,RXC J0825.5+4707,A0655,,126.3761,47.1299,0.1267,0.35,7.45,7.45,10.9,5.13,4.3,,"2, 6",126.3761,47.1299
noras,J/ApJS/129/435/table1,J/ApJS/129/435/table1,87,RXC J0825.7+8218,A0625,,126.436,82.31,0.2,0.12,2.45,2.45,27.6,4.2,2.9,,1,126.436,82.31
noras,J/ApJS/129/435/table1,J/ApJS/129/435/table1,88,RXC J0828.6+3025,A0671,,127.1621,30.428,0.0503,0.35,7.28,7.08,9.6,0.78,3.9,,"2, 6",127.1621,30.428
noras,J/ApJS/129/435/table1,J/ApJS/129/435/table1,89,RXC J0830.9+6551,A0665,,127.7428,65.8503,0.1818,0.53,11.18,11.23,7.5,15.69,4.3,,"2, 6",127.7428,65.8503
noras,J/ApJS/129/435/table1,J/ApJS/129/435/table1,90,RXC J0840.5+0543,,,130.1302,5.7332,0.2651,0.08,1.67,1.67,22.8,5.03,3.8,,1,130.1302,5.7332
noras,J/ApJS/129/435/table1,J/ApJS/129/435/table1,91,RXC J0842.9+3621,A0697,,130.7362,36.3625,0.282,0.28,5.74,5.77,15.6,19.15,3.5,,"1, 41",130.7362,36.3625
noras,J/ApJS/129/435/table1,J/ApJS/129/435/table1,92,RXC J0844.9+4258,,,131.2361,42.9817,0.0541,0.08,1.63,1.23,18.6,0.16,2.8,,2,131.2361,42.9817
noras,J/ApJS/129/435/table1,J/ApJS/129/435/table1,93,RXC J0847.7+7741,A0686,,131.9414,77.692,0.26,0.11,2.13,2.14,20.0,6.17,2.0,,1,131.9414,77.692
noras,J/ApJS/129/435/table1,J/ApJS/129/435/table1,94,RXC J0850.2+3603,,,132.5501,36.0601,0.378,0.15,3.03,3.05,19.3,17.94,3.0,,"1, 38",132.5501,36.0601
noras,J/ApJS/129/435/table1,J/ApJS/129/435/table1,95,RXC J0856.1+3756,,,134.0356,37.9479,0.4107,0.11,2.24,2.26,38.7,15.76,2.9,,1,134.0356,37.9479
noras,J/ApJS/129/435/table1,J/ApJS/129/435/table1,96,RXC J0909.1+1059,A0750,,137.2832,10.9925,0.1751,0.32,6.54,6.57,10.4,8.54,3.2,,"2, 6",137.2832,10.9925
noras,J/ApJS/129/435/table1,J/ApJS/129/435/table1,97,RXC J0917.8+5143,A0773,,139.4624,51.7248,0.2172,0.31,6.08,6.11,9.0,12.11,1.3,,"1, 19, 29",139.4624,51.7248
noras,J/ApJS/129/435/table1,J/ApJS/129/435/table1,98,RXC J0920.0+0102,MKW 1s,,140.002,1.0401,0.0175,0.06,1.21,0.85,23.7,0.01,3.2,,"2, 23",140.002,1.0401
noras,J/ApJS/129/435/table1,J/ApJS/129/435/table1,99,RXC J0920.4+3030,A0781,,140.1087,30.515,0.2952,0.1,1.91,1.91,25.2,7.06,1.9,,"1, 41",140.1087,30.515
noras,J/ApJS/129/435/table1,J/ApJS/129/435/table1,100,RXC J0921.1+4538,3C 219,,140.2857,45.6437,0.1745,0.09,1.67,1.65,21.6,2.2,1.5,?,"2, 16",140.2857,45.6437
noras,J/ApJS/129/435/table1,J/ApJS/129/435/table1,101,RXC J0924.0+1410,A0795,,141.0238,14.1684,0.1357,0.36,7.47,7.49,9.6,5.91,3.5,,"2, 6",141.0238,14.1684
noras,J/ApJS/129/435/table1,J/ApJS/129/435/table1,102,RXC J0928.6+3747,A0800,,142.1573,37.7986,0.2472,0.09,1.76,1.76,29.0,4.61,1.4,,1,142.1573,37.7986
noras,J/ApJS/129/435/table1,J/ApJS/129/435/table1,103,RXC J0938.2+7553,A0814,,144.5666,75.8872,0.1503,0.06,1.2,1.19,40.3,1.17,2.1,,2,144.5666,75.8872
noras,J/ApJS/129/435/table1,J/ApJS/129/435/table1,104,RXC J0942.2+1522,A0853,,145.5605,15.3865,0.1664,0.15,3.12,3.12,14.0,3.69,3.4,o,1,145.5605,15.3865
noras,J/ApJS/129/435/table1,J/ApJS/129/435/table1,105,RXC J0943.1+4659,A0851,,145.7795,46.9975,0.4069,0.05,1.03,1.04,32.1,7.27,1.3,,"1, 8",145.7795,46.9975
noras,J/ApJS/129/435/table1,J/ApJS/129/435/table1,106,RXC J0944.0+6424,A0845,,146.0074,64.4117,0.12,0.11,2.38,2.36,16.8,1.47,4.8,,1,146.0074,64.4117
noras,J/ApJS/129/435/table1,J/ApJS/129/435/table1,107,RXC J0949.8+1707,,,147.4698,17.1298,0.3826,0.18,3.61,3.63,13.2,21.95,3.1,,1,147.4698,17.1298
noras,J/ApJS/129/435/table1,J/ApJS/129/435/table1,108,RXC J0958.1+2346,,,149.543,23.782,0.1471,0.11,2.18,2.16,26.2,2.04,2.9,,1,149.543,23.782
noras,J/ApJS/129/435/table1,J/ApJS/129/435/table1,109,RXC J1000.5+4409,,d,150.1272,44.1543,0.154,0.14,2.78,2.77,12.7,2.84,1.1,,"1, 29",150.1272,44.1543
noras,J/ApJS/129/435/table1,J/ApJS/129/435/table1,110,RXC J1002.6+3241,Zw 0959.6+3257,,150.6609,32.6995,0.0499,0.26,5.16,5.01,11.1,0.54,1.6,B,"1, 41",150.6609,32.6995
noras,J/ApJS/129/435/table1,J/ApJS/129/435/table1,111,RXC J1003.0+3254,,,150.7672,32.9079,0.4161,0.06,1.14,1.15,22.4,8.29,1.6,,1,150.7672,32.9079
noras,J/ApJS/129/435/table1,J/ApJS/129/435/table1,112,RXC J1006.6+2554,A0923,,151.6647,25.9101,0.1162,0.17,3.48,3.45,14.0,2.01,2.8,,"2, 6",151.6647,25.9101
noras,J/ApJS/129/435/table1,J/ApJS/129/435/table1,113,RXC J1009.3+7110,A0914,,152.3348,71.1751,0.1927,0.15,3.15,3.15,20.4,5.0,4.0,C,"1, 12",152.3348,71.1751
noras,J/ApJS/129/435/table1,J/ApJS/129/435/table1,114,RXC J1016.6+2448,A0964,,154.1503,24.8082,0.0811,0.14,2.79,2.71,18.3,0.78,2.3,,1,154.1503,24.8082
noras,J/ApJS/129/435/table1,J/ApJS/129/435/table1,115,RXC J1017.5+5934,A0959,,154.3981,59.5667,0.353,0.22,4.16,4.19,54.9,21.56,0.9,,"2, 12",154.3981,59.5667
noras,J/ApJS/129/435/table1,J/ApJS/129/435/table1,116,RXC J1019.9+4059,A0971,,154.9992,40.9873,0.0922,0.16,3.11,3.02,16.4,1.12,1.1,,"1, 27, 40",154.9992,40.9873
noras,J/ApJS/129/435/table1,J/ApJS/129/435/table1,117,RXC J1022.0+3830,,a,155.5196,38.512,0.0491,0.19,3.63,3.37,28.3,0.35,1.5,,1,155.5196,38.512
noras,J/ApJS/129/435/table1,J/ApJS/129/435/table1,118,RXC J1023.3+5948,A0983,,155.8291,59.8085,0.2055,0.06,1.25,1.24,19.0,2.28,0.7,,"2, 12",155.8291,59.8085
noras,J/ApJS/129/435/table1,J/ApJS/129/435/table1,119,RXC J1023.6+0411,Zw 1021.0+0426,,155.9117,4.1865,0.285,0.43,8.77,8.82,8.2,29.91,2.9,,"2, 20",155.9117,4.1865
noras,J/ApJS/129/435/table1,J/ApJS/129/435/table1,120,RXC J1023.6+4907,A0990,,155.922,49.1329,0.144,0.4,7.77,7.8,8.2,6.88,1.0,,"2, 29, 32",155.922,49.1329
noras,J/ApJS/129/435/table1,J/ApJS/129/435/table1,121,RXC J1025.9+1241,,b,156.4829,12.6852,0.1434,0.27,5.53,5.53,9.4,4.86,3.5,o,"1, 20",156.4829,12.6852
noras,J/ApJS/129/435/table1,J/ApJS/129/435/table1,122,RXC J1031.7+3502,A1033,,157.9317,35.0495,0.1259,0.4,7.86,7.86,11.1,5.34,1.9,,"2, 20",157.9317,35.0495
noras,J/ApJS/129/435/table1,J/ApJS/129/435/table1,123,RXC J1034.9+3041,A1045,,158.7469,30.6944,0.1407,0.2,4.0,3.99,10.9,3.39,1.8,,"2, 20",158.7469,30.6944
noras,J/ApJS/129/435/table1,J/ApJS/129/435/table1,124,RXC J1040.7+3956,A1068,,160.1829,39.9481,0.1372,0.39,7.6,7.62,8.3,6.16,1.3,,"1, 20",160.1829,39.9481
noras,J/ApJS/129/435/table1,J/ApJS/129/435/table1,125,RXC J1109.3+4133,A1173,,167.3282,41.5624,0.0763,0.22,4.3,4.18,11.6,1.06,1.6,,"1, 40",167.3282,41.5624
noras,J/ApJS/129/435/table1,J/ApJS/129/435/table1,126,RXC J1109.7+2145,A1177,,167.4294,21.762,0.0319,0.25,4.97,3.74,14.3,0.17,1.5,,"1, 6, 15",167.4294,21.762
noras,J/ApJS/129/435/table1,J/ApJS/129/435/table1,127,RXC J1111.6+4050,A1190,,167.9104,40.8424,0.0794,0.38,7.4,7.33,10.3,2.01,1.7,,"2, 6, 40",167.9104,40.8424
noras,J/ApJS/129/435/table1,J/ApJS/129/435/table1,128,RXC J1113.3+1735,A1204,,168.3324,17.5937,0.1706,0.28,5.42,5.44,10.8,6.73,1.4,,"2, 20",168.3324,17.5937
noras,J/ApJS/129/435/table1,J/ApJS/129/435/table1,129,RXC J1114.3+5823,Zw 1111.0+5843,,168.5993,58.3898,0.2065,0.17,3.24,3.25,10.7,5.92,0.7,,"1, 29",168.5993,58.3898
noras,J/ApJS/129/435/table1,J/ApJS/129/435/table1,130,RXC J1115.5+5426,,,168.8865,54.435,0.0691,0.18,3.49,3.39,13.8,0.7,0.9,,1,168.8865,54.435
noras,J/ApJS/129/435/table1,J/ApJS/129/435/table1,131,RXC J1121.7+0249,SHK 352 f,,170.428,2.8184,0.0468,0.27,5.76,5.6,11.8,0.53,4.4,,"1, 31",170.428,2.8184
noras,J/ApJS/129/435/table1,J/ApJS/129/435/table1,132,RXC J1122.2+6712,,,170.5604,67.2129,0.056,0.06,1.25,0.93,20.3,0.13,1.2,,1,170.5604,67.2129
noras,J/ApJS/129/435/table1,J/ApJS/129/435/table1,133,RXC J1123.2+1935,A1235,,170.8049,19.5996,0.1042,0.19,3.75,3.71,13.2,1.75,1.7,,"2, 6",170.8049,19.5996
noras,J/ApJS/129/435/table1,J/ApJS/129/435/table1,134,RXC J1123.9+2129,A1246,,170.9912,21.4903,0.1904,0.22,4.23,4.24,14.9,6.52,1.4,,"2, 20",170.9912,21.4903
noras,J/ApJS/129/435/table1,J/ApJS/129/435/table1,135,RXC J1131.3+3334,A1290,,172.8433,33.5818,0.2212,0.1,2.1,2.1,22.3,4.39,2.1,,2,172.8433,33.5818
noras,J/ApJS/129/435/table1,J/ApJS/129/435/table1,136,RXC J1132.3+5558,A1291,,173.0817,55.9789,0.0527,0.22,4.33,4.21,12.3,0.51,1.0,,"2, 14, 26",173.0817,55.9789
noras,J/ApJS/129/435/table1,J/ApJS/129/435/table1,137,RXC J1143.5+4623,A1361,,175.8762,46.3845,0.1167,0.43,8.63,8.63,34.9,5.02,2.2,,"2, 20",175.8762,46.3845
noras,J/ApJS/129/435/table1,J/ApJS/129/435/table1,138,RXC J1149.5+2223,,,177.3898,22.396,0.1761,0.06,1.28,1.27,20.6,1.73,2.3,,1,177.3898,22.396
noras,J/ApJS/129/435/table1,J/ApJS/129/435/table1,139,RXC J1155.3+2324,A1413,,178.827,23.4075,0.1427,0.64,12.61,12.69,6.4,10.91,1.6,,"2, 6",178.827,23.4075
noras,J/ApJS/129/435/table1,J/ApJS/129/435/table1,140,RXC J1156.9+2415,,d,179.2409,24.2581,0.1392,0.15,2.91,2.9,12.9,2.42,1.8,,"1, 20",179.2409,24.2581
noras,J/ApJS/129/435/table1,J/ApJS/129/435/table1,141,RXC J1157.3+3336,,,179.3259,33.6121,0.2138,0.2,3.72,3.73,19.2,7.23,0.0,,"1, 29",179.3259,33.6121
noras,J/ApJS/129/435/table1,J/ApJS/129/435/table1,142,RXC J1200.0+1122,,,180.0105,11.4041,0.207,0.03,0.55,0.54,47.6,1.03,1.8,b,1,180.0105,11.4041
noras,J/ApJS/129/435/table1,J/ApJS/129/435/table1,143,RXC J1200.4+0320,A1437,,180.1057,3.3336,0.1339,0.44,8.73,8.75,8.6,6.72,1.9,,"2, 6",180.1057,3.3336
noras,J/ApJS/129/435/table1,J/ApJS/129/435/table1,144,RXC J1201.3+2306,A1443,,180.3257,23.1092,0.269,0.13,2.61,2.63,14.8,7.99,2.4,,1,180.3257,23.1092
noras,J/ApJS/129/435/table1,J/ApJS/129/435/table1,145,RXC J1201.9+5802,A1446,,180.4997,58.0475,0.1031,0.15,2.97,2.94,19.3,1.35,1.5,,"2, 12",180.4997,58.0475
noras,J/ApJS/129/435/table1,J/ApJS/129/435/table1,146,RXC J1203.0+2836,A1449,,180.7615,28.6039,0.1341,0.12,2.39,2.37,15.7,1.86,1.7,B,"1, 45",180.7615,28.6039
noras,J/ApJS/129/435/table1,J/ApJS/129/435/table1,147,RXC J1204.0+2807,A1455,,181.0133,28.1233,0.1631,0.07,1.42,1.41,19.3,1.63,1.7,,"1, 5",181.0133,28.1233
noras,J/ApJS/129/435/table1,J/ApJS/129/435/table1,148,RXC J1204.4+0154,MKW 4,,181.1065,1.901,0.0195,0.93,18.52,17.19,6.0,0.28,1.9,,"2, 20, 46",181.1065,1.901
noras,J/ApJS/129/435/table1,J/ApJS/129/435/table1,149,RXC J1204.9+2237,A1466,,181.2403,22.6167,0.2519,0.03,0.68,0.67,31.8,1.88,2.1,,1,181.2403,22.6167
noras,J/ApJS/129/435/table1,J/ApJS/129/435/table1,150,RXC J1205.2+3920,,d,181.3021,39.3493,0.0381,0.52,10.33,10.04,7.4,0.63,2.1,,"1, 41",181.3021,39.3493
noras,J/ApJS/129/435/table1,J/ApJS/129/435/table1,151,RXC J1206.9+7139,A1470,,181.7431,71.6576,0.1912,0.09,1.67,1.67,14.2,2.63,1.6,,"2, 12",181.7431,71.6576
noras,J/ApJS/129/435/table1,J/ApJS/129/435/table1,152,RXC J1210.0+0630,,,182.5231,6.5,0.0,0.07,1.43,1.43,21.9,0.0,1.5,bB,1,182.5231,6.5
noras,J/ApJS/129/435/table1,J/ApJS/129/435/table1,153,RXC J1210.3+0523,,a,182.5783,5.385,0.0748,0.3,5.81,5.76,10.4,1.4,1.4,,"1,41",182.5783,5.385
noras,J/ApJS/129/435/table1,J/ApJS/129/435/table1,154,RXC J1217.6+0339,Zw 1215.1+0400,,184.4192,3.6624,0.0766,1.04,20.48,20.48,5.4,5.17,1.6,,"2, 41",184.4192,3.6624
noras,J/ApJS/129/435/table1,J/ApJS/129/435/table1,155,RXC J1218.4+4013,,a,184.6204,40.2184,0.3038,0.09,1.81,1.82,16.7,7.13,2.0,,1,184.6204,40.2184
noras,J/ApJS/129/435/table1,J/ApJS/129/435/table1,156,RXC J1223.1+1037,NGC 4325,,185.7772,10.624,0.0258,0.47,9.32,7.01,7.8,0.2,2.2,,"2, 41",185.7772,10.624
noras,J/ApJS/129/435/table1,J/ApJS/129/435/table1,157,RXC J1225.2+3213,,,186.3001,32.2291,0.0594,0.19,3.62,3.52,12.5,0.54,1.4,,"1, 45",186.3001,32.2291
noras,J/ApJS/129/435/table1,J/ApJS/129/435/table1,158,RXC J1227.4+0849,A1541,,186.8667,8.829,0.0896,0.13,2.61,2.53,19.7,0.89,1.7,B,"2, 21",186.8667,8.829
noras,J/ApJS/129/435/table1,J/ApJS/129/435/table1,159,RXC J1227.8+6322,A1544,,186.9603,63.383,0.1454,0.12,2.36,2.34,15.5,2.15,1.9,,"1, 12",186.9603,63.383
noras,J/ApJS/129/435/table1,J/ApJS/129/435/table1,160,RXC J1229.7+0759,M49-Virgo,,187.4403,7.987,0.0033,1.0,19.7,13.57,6.2,0.01,1.6,,"2, 17",187.4403,7.987
noras,J/ApJS/129/435/table1,J/ApJS/129/435/table1,161,RXC J1229.9+1147,A1552,,187.4966,11.7891,0.0852,0.18,3.6,3.5,34.0,1.12,2.4,o,"2, 6",187.4966,11.7891
noras,J/ApJS/129/435/table1,J/ApJS/129/435/table1,162,RXC J1230.7+3439,,,187.6792,34.655,0.3331,0.1,1.98,1.99,16.4,9.29,1.4,,1,187.6792,34.655
noras,J/ApJS/129/435/table1,J/ApJS/129/435/table1,163,RXC J1231.3+8225,,f,187.8497,82.428,0.2053,0.09,2.04,2.04,18.3,3.69,5.6,,1,187.8497,82.428
noras,J/ApJS/129/435/table1,J/ApJS/129/435/table1,164,RXC J1236.9+6311,A1576,,189.2457,63.1907,0.3019,0.15,3.0,3.02,13.8,11.52,1.7,,"2, 6",189.2457,63.1907
noras,J/ApJS/129/435/table1,J/ApJS/129/435/table1,165,RXC J1242.8+0241,NGC 4636,,190.7063,2.6856,0.0031,1.85,36.57,25.21,12.0,0.01,1.8,L,"2, 17",190.7063,2.6856
noras,J/ApJS/129/435/table1,J/ApJS/129/435/table1,166,RXC J1243.3+2716,A1602,,190.8448,27.2757,0.194,0.11,2.2,2.19,15.9,3.56,1.2,,1,190.8448,27.2757
noras,J/ApJS/129/435/table1,J/ApJS/129/435/table1,167,RXC J1243.6+1133,M60-Vir,,190.9182,11.5502,0.0037,0.37,7.43,5.13,9.1,0.0,1.9,,"2, 48",190.9182,11.5502
noras,J/ApJS/129/435/table1,J/ApJS/129/435/table1,168,RXC J1255.5+3521,,a,193.8781,35.3602,0.1585,0.05,1.05,1.04,22.2,1.14,1.3,,"2, 49",193.8781,35.3602
noras,J/ApJS/129/435/table1,J/ApJS/129/435/table1,169,RXC J1257.3+6930,Zw 1255.4+6946,,194.3337,69.5064,0.227,0.09,1.68,1.68,16.4,3.71,1.7,,"1, 29",194.3337,69.5064
noras,J/ApJS/129/435/table1,J/ApJS/129/435/table1,170,RXC J1259.7+2756,Coma,,194.9294,27.9386,0.0231,15.8,304.94,305.89,12.4,7.01,0.9,L,"2, 21",194.9294,27.9386
noras,J/ApJS/129/435/table1,J/ApJS/129/435/table1,171,RXC J1303.0+5756,,,195.7614,57.9419,0.1961,0.08,1.48,1.48,18.4,2.45,1.2,,1,195.7614,57.9419
noras,J/ApJS/129/435/table1,J/ApJS/129/435/table1,172,RXC J1303.7+1916,A1668,,195.9398,19.2715,0.0643,0.51,10.14,10.05,8.1,1.79,2.3,,"1, 6, 40",195.9398,19.2715
noras,J/ApJS/129/435/table1,J/ApJS/129/435/table1,173,RXC J1304.4+3335,A1672,,196.1147,33.592,0.1882,0.15,2.9,2.9,15.3,4.39,1.0,,"2, 20",196.1147,33.592
noras,J/ApJS/129/435/table1,J/ApJS/129/435/table1,174,RXC J1305.9+3054,A1677,,196.4778,30.9065,0.1832,0.2,3.87,3.89,11.6,5.58,1.0,,"2, 20",196.4778,30.9065
noras,J/ApJS/129/435/table1,J/ApJS/129/435/table1,175,RXC J1306.9+4633,A1682,,196.7278,46.556,0.2259,0.21,4.05,4.07,11.2,8.78,1.4,,"2, 20",196.7278,46.556
noras,J/ApJS/129/435/table1,J/ApJS/129/435/table1,176,RXC J1311.7+2201,,,197.93,22.0267,0.1716,0.07,1.31,1.3,17.3,1.67,1.9,,1,197.93,22.0267
noras,J/ApJS/129/435/table1,J/ApJS/129/435/table1,177,RXC J1314.2+4123,,,198.5611,41.3927,0.2011,0.08,1.52,1.52,16.7,2.66,1.3,,1,198.5611,41.3927
noras,J/ApJS/129/435/table1,J/ApJS/129/435/table1,178,RXC J1315.1+5149,A1703,,198.7776,51.8248,0.2836,0.13,2.53,2.54,13.9,8.66,1.2,,20,198.7776,51.8248
noras,J/ApJS/129/435/table1,J/ApJS/129/435/table1,179,RXC J1320.0+7003,A1722,,200.0183,70.0616,0.3275,0.11,2.14,2.15,12.9,9.7,1.5,,2,200.0183,70.0616
noras,J/ApJS/129/435/table1,J/ApJS/129/435/table1,180,RXC J1320.9+3354,A1716,,200.2374,33.9041,0.182,0.1,1.97,1.97,15.0,2.82,1.0,,1,200.2374,33.9041
noras,J/ApJS/129/435/table1,J/ApJS/129/435/table1,181,RXC J1322.8+3138,,,200.7179,31.6459,0.3083,0.09,1.73,1.74,15.9,7.02,1.1,,1,200.7179,31.6459
noras,J/ApJS/129/435/table1,J/ApJS/129/435/table1,182,RXC J1324.1+1358,NGC 5129,,201.0497,13.9792,0.023,0.22,4.29,2.96,17.1,0.07,1.8,,"2, 46",201.0497,13.9792
noras,J/ApJS/129/435/table1,J/ApJS/129/435/table1,183,RXC J1325.8+5919,A1744,,201.4572,59.3225,0.1515,0.16,3.2,3.19,9.9,3.16,1.8,,"1, 12",201.4572,59.3225
noras,J/ApJS/129/435/table1,J/ApJS/129/435/table1,184,RXC J1326.2+0013,,b,201.5733,0.2251,0.0826,0.28,5.6,5.55,11.7,1.65,1.8,,"1, 41",201.5733,0.2251
noras,J/ApJS/129/435/table1,J/ApJS/129/435/table1,185,RXC J1332.7+5032,A1758,,203.1796,50.5496,0.2799,0.29,5.56,5.6,9.5,18.29,1.0,o,"2, 20",203.1796,50.5496
noras,J/ApJS/129/435/table1,J/ApJS/129/435/table1,186,RXC J1332.6+5419,,,203.1671,54.3205,0.1017,0.14,2.81,2.79,14.0,1.25,1.3,,1,203.1671,54.3205
noras,J/ApJS/129/435/table1,J/ApJS/129/435/table1,187,RXC J1335.3+4059,A1763,,203.8257,40.997,0.2279,0.33,6.3,6.35,8.1,13.85,0.8,,"2, 42",203.8257,40.997
noras,J/ApJS/129/435/table1,J/ApJS/129/435/table1,188,RXC J1336.1+5912,A1767,,204.0255,59.2079,0.0701,0.63,12.44,12.4,5.4,2.62,1.9,,"2, 6",204.0255,59.2079
noras,J/ApJS/129/435/table1,J/ApJS/129/435/table1,189,RXC J1339.5+1830,,,204.8952,18.5122,0.114,0.06,1.22,1.19,21.5,0.68,1.7,,1,204.8952,18.5122
noras,J/ApJS/129/435/table1,J/ApJS/129/435/table1,190,RXC J1341.8+2622,A1775,,205.474,26.372,0.0724,0.65,12.58,12.54,16.7,2.83,1.0,,"2, 6",205.474,26.372
noras,J/ApJS/129/435/table1,J/ApJS/129/435/table1,191,RXC J1344.3+3906,,,206.0762,39.112,0.2997,0.04,0.79,0.79,24.5,3.08,0.9,,1,206.0762,39.112
noras,J/ApJS/129/435/table1,J/ApJS/129/435/table1,192,RXC J1348.8+2635,A1795,,207.2207,26.5956,0.0622,3.05,59.29,59.56,2.8,9.93,1.2,,"2, 6",207.2207,26.5956
noras,J/ApJS/129/435/table1,J/ApJS/129/435/table1,193,RXC J1349.0+4918,A1804,,207.2582,49.3047,0.1665,0.06,1.27,1.25,20.2,1.51,1.2,,1,207.2582,49.3047
noras,J/ApJS/129/435/table1,J/ApJS/129/435/table1,194,RXC J1349.3+2806,A1800,,207.3402,28.1036,0.0748,0.5,9.83,9.79,8.2,2.36,1.2,,"2, 6, 46",207.3402,28.1036
noras,J/ApJS/129/435/table1,J/ApJS/129/435/table1,195,RXC J1351.7+4622,,,207.9398,46.3668,0.0625,0.17,3.32,3.22,15.0,0.55,1.3,,1,207.9398,46.3668
noras,J/ApJS/129/435/table1,J/ApJS/129/435/table1,196,RXC J1354.0+1455,A1814,,208.5095,14.9231,0.1251,0.18,3.49,3.48,16.0,2.35,1.7,,2,208.5095,14.9231
noras,J/ApJS/129/435/table1,J/ApJS/129/435/table1,197,RXC J1354.6+7715,,,208.6575,77.2596,0.3967,0.1,2.08,2.09,25.0,13.56,2.9,,1,208.6575,77.2596
noras,J/ApJS/129/435/table1,J/ApJS/129/435/table1,198,RXC J1359.8+6231,Zw 1358.1+6245,,209.9711,62.5212,0.3259,0.1,1.97,1.98,12.1,8.83,1.9,,"2, 50",209.9711,62.5212
noras,J/ApJS/129/435/table1,J/ApJS/129/435/table1,199,RXC J1400.2+7207,A1851,,210.0598,72.1257,0.2143,0.09,1.78,1.78,20.0,3.52,1.8,,"2, 12",210.0598,72.1257
noras,J/ApJS/129/435/table1,J/ApJS/129/435/table1,200,RXC J1401.0+0252,A1835,,210.2595,2.8801,0.2528,0.61,12.12,12.21,7.3,32.56,2.2,,"2, 20",210.2595,2.8801
noras,J/ApJS/129/435/table1,J/ApJS/129/435/table1,201,RXC J1411.4+5212,3C295,,212.8515,52.2106,0.4599,0.05,1.0,1.0,17.6,8.88,1.3,,"2, 51",212.8515,52.2106
noras,J/ApJS/129/435/table1,J/ApJS/129/435/table1,202,RXC J1413.7+4339,A1885,,213.4313,43.6634,0.089,0.27,5.25,5.2,7.8,1.77,1.1,,"2, 32",213.4313,43.6634
noras,J/ApJS/129/435/table1,J/ApJS/129/435/table1,203,RXC J1415.8+0015,,a,213.965,0.2589,0.1259,0.06,1.23,1.19,22.4,0.83,3.0,,1,213.965,0.2589
noras,J/ApJS/129/435/table1,J/ApJS/129/435/table1,204,RXC J1416.5+3045,A1889,,214.1354,30.7621,0.186,0.05,1.01,1.0,23.2,1.53,1.3,,"2, 6",214.1354,30.7621
noras,J/ApJS/129/435/table1,J/ApJS/129/435/table1,205,RXC J1418.9+4903,,,214.7473,49.0504,0.2806,0.1,2.04,2.05,24.3,6.87,1.9,,1,214.7473,49.0504
noras,J/ApJS/129/435/table1,J/ApJS/129/435/table1,206,RXC J1421.5+4933,Zw 1420.2+4952,,215.3981,49.5519,0.0716,0.34,6.75,6.69,8.0,1.48,1.9,,"1, 29",215.3981,49.5519
noras,J/ApJS/129/435/table1,J/ApJS/129/435/table1,207,RXC J1421.6+3717,A1902,,215.4226,37.2958,0.1813,0.22,4.25,4.26,10.8,5.99,0.9,,1,215.4226,37.2958
noras,J/ApJS/129/435/table1,J/ApJS/129/435/table1,208,RXC J1423.1+2615,,a,215.7922,26.2556,0.0375,0.12,2.28,1.72,16.4,0.1,1.6,,"2, 46",215.7922,26.2556
noras,J/ApJS/129/435/table1,J/ApJS/129/435/table1,209,RXC J1423.8+4015,,a,215.9685,40.2619,0.0822,0.12,2.36,2.29,13.1,0.68,1.0,,1,215.9685,40.2619
noras,J/ApJS/129/435/table1,J/ApJS/129/435/table1,210,RXC J1425.3+6311,A1918,,216.3447,63.1872,0.1394,0.28,5.52,5.52,11.2,4.58,1.8,,"2, 12",216.3447,63.1872
noras,J/ApJS/129/435/table1,J/ApJS/129/435/table1,211,RXC J1426.0+3749,A1914,,216.5068,37.8271,0.1712,0.66,12.81,12.9,5.2,15.91,1.0,,"2, 6",216.5068,37.8271
noras,J/ApJS/129/435/table1,J/ApJS/129/435/table1,212,RXC J1428.4+5652,A1925,,217.1171,56.8829,0.1051,0.19,3.62,3.59,17.1,1.72,1.4,,2,217.1171,56.8829
noras,J/ApJS/129/435/table1,J/ApJS/129/435/table1,213,RXC J1431.1+2538,A1927,,217.7794,25.6388,0.0908,0.31,6.18,6.12,10.5,2.18,2.1,,"1, 18",217.7794,25.6388
noras,J/ApJS/129/435/table1,J/ApJS/129/435/table1,214,RXC J1440.6+0328,MKW 8,,220.1592,3.4765,0.0263,0.63,12.75,11.84,8.7,0.35,2.6,,"2, 52",220.1592,3.4765
noras,J/ApJS/129/435/table1,J/ApJS/129/435/table1,215,RXC J1442.3+2218,UGC 09480,,220.5768,22.3048,0.0901,0.32,6.47,6.45,9.0,2.24,2.5,,1,220.5768,22.3048
noras,J/ApJS/129/435/table1,J/ApJS/129/435/table1,216,RXC J1447.4+0827,,,221.8568,8.4637,0.1954,0.24,4.85,4.87,12.1,7.87,2.1,,1,221.8568,8.4637
noras,J/ApJS/129/435/table1,J/ApJS/129/435/table1,217,RXC J1452.9+5802,A1995,,223.2337,58.0488,0.3179,0.16,3.18,3.2,12.4,13.42,1.5,,"2, 12",223.2337,58.0488
noras,J/ApJS/129/435/table1,J/ApJS/129/435/table1,218,RXC J1452.9+1641,A1983,,223.2449,16.6998,0.0444,0.29,5.81,5.64,15.5,0.48,1.8,,"2, 21",223.2449,16.6998
noras,J/ApJS/129/435/table1,J/ApJS/129/435/table1,219,RXC J1453.1+2153,A1986,,223.2798,21.8947,0.1186,0.13,2.65,2.63,28.2,1.6,2.8,,"2, 6",223.2798,21.8947
noras,J/ApJS/129/435/table1,J/ApJS/129/435/table1,220,RXC J1454.4+1622,,,223.6166,16.3704,0.0456,0.13,2.48,1.86,41.5,0.17,1.8,,"1, 53",223.6166,16.3704
noras,J/ApJS/129/435/table1,J/ApJS/129/435/table1,221,RXC J1454.5+1838,A1991,,223.6309,18.642,0.0586,0.49,9.88,9.79,9.0,1.46,2.4,B,"2, 6",223.6309,18.642
noras,J/ApJS/129/435/table1,J/ApJS/129/435/table1,222,RXC J1457.2+2220,MS 1455.0+2232,,224.3163,22.3434,0.2579,0.24,4.89,4.92,11.6,13.73,3.3,,"1, 20",224.3163,22.3434
noras,J/ApJS/129/435/table1,J/ApJS/129/435/table1,223,RXC J1501.2+0141,NGC 5813,,225.3016,1.696,0.0065,0.85,17.94,12.68,6.8,0.02,4.2,,"2, 17",225.3016,1.696
noras,J/ApJS/129/435/table1,J/ApJS/129/435/table1,224,RXC J1501.3+4220,,,225.3466,42.3464,0.2917,0.11,2.22,2.23,15.1,7.96,1.5,,1,225.3466,42.3464
noras,J/ApJS/129/435/table1,J/ApJS/129/435/table1,225,RXC J1506.4+0136,NGC 5846,,226.6241,1.6049,0.006,0.51,10.78,7.62,10.3,0.01,4.3,,2,226.6241,1.6049
noras,J/ApJS/129/435/table1,J/ApJS/129/435/table1,226,RXC J1510.1+3330,A2034,,227.5489,33.5147,0.113,0.61,11.94,11.97,6.4,6.49,1.5,BC,"2, 29, 69",227.5489,33.5147
noras,J/ApJS/129/435/table1,J/ApJS/129/435/table1,227,RXC J1511.1+1802,A2036,,227.7761,18.0437,0.1161,0.13,2.63,2.61,17.1,1.52,2.9,,"2, 6",227.7761,18.0437
noras,J/ApJS/129/435/table1,J/ApJS/129/435/table1,228,RXC J1512.6+3451,A2046,,228.1553,34.8601,0.1489,0.07,1.41,1.4,17.6,1.35,1.4,,1,228.1553,34.8601
noras,J/ApJS/129/435/table1,J/ApJS/129/435/table1,229,RXC J1516.7+0701,A2052,,229.1834,7.0185,0.0353,2.35,47.94,47.79,3.6,2.58,2.9,,"2, 6",229.1834,7.0185
noras,J/ApJS/129/435/table1,J/ApJS/129/435/table1,230,RXC J1518.7+0613,A2055,,229.6899,6.2312,0.1021,0.42,8.74,8.74,9.7,3.91,3.3,C,41,229.6899,6.2312
noras,J/ApJS/129/435/table1,J/ApJS/129/435/table1,231,RXC J1520.9+4840,A2064,,230.2271,48.6693,0.1076,0.31,6.13,6.11,10.2,3.05,1.7,,"2, 6",230.2271,48.6693
noras,J/ApJS/129/435/table1,J/ApJS/129/435/table1,232,RXC J1521.8+0742,MKW 3s,,230.4583,7.7088,0.0442,1.57,32.24,32.15,5.1,2.7,3.2,,"2, 47",230.4583,7.7088
noras,J/ApJS/129/435/table1,J/ApJS/129/435/table1,233,RXC J1522.4+2742,A2065,,230.6106,27.7095,0.0723,1.04,21.18,21.18,5.5,4.75,2.8,,"2, 6",230.6106,27.7095
noras,J/ApJS/129/435/table1,J/ApJS/129/435/table1,234,RXC J1523.0+0836,A2063,,230.7724,8.6025,0.0355,1.75,35.8,35.48,4.6,1.94,2.9,,"2, 21",230.7724,8.6025
noras,J/ApJS/129/435/table1,J/ApJS/129/435/table1,235,RXC J1528.0+6956,,ag,232.0156,69.9423,0.1136,0.14,2.84,2.82,16.3,1.57,2.4,,1,232.0156,69.9423
noras,J/ApJS/129/435/table1,J/ApJS/129/435/table1,236,RXC J1539.7+3424,A2111,,234.9337,34.4156,0.229,0.19,3.89,3.91,19.3,8.68,2.1,,"2, 6",234.9337,34.4156
noras,J/ApJS/129/435/table1,J/ApJS/129/435/table1,237,RXC J1539.8+3043,A2110,,234.953,30.7173,0.098,0.46,9.26,9.26,10.7,3.81,2.4,,"2,6",234.953,30.7173
noras,J/ApJS/129/435/table1,J/ApJS/129/435/table1,238,RXC J1553.3+5107,A2136,,238.3353,51.1226,0.2354,0.06,1.17,1.17,17.0,2.81,1.3,,1,238.3353,51.1226
noras,J/ApJS/129/435/table1,J/ApJS/129/435/table1,239,RXC J1554.2+3237,,,238.5734,32.6277,0.075,0.13,2.52,2.45,23.3,0.6,2.5,?,1,238.5734,32.6277
noras,J/ApJS/129/435/table1,J/ApJS/129/435/table1,240,RXC J1556.1+6621,A2146,,239.0369,66.3558,0.2339,0.2,3.99,4.01,8.2,9.31,2.8,C,"2, 20",239.0369,66.3558
noras,J/ApJS/129/435/table1,J/ApJS/129/435/table1,241,RXC J1557.7+3530,A2141,,239.4382,35.504,0.1549,0.16,3.17,3.16,16.5,3.28,1.9,,"1, 46",239.4382,35.504
noras,J/ApJS/129/435/table1,J/ApJS/129/435/table1,242,RXC J1558.3+2713,A2142,,239.5857,27.2269,0.0894,2.88,60.46,60.83,3.0,20.52,4.1,L,"2, 6",239.5857,27.2269
noras,J/ApJS/129/435/table1,J/ApJS/129/435/table1,243,RXC J1601.3+5354,A2149,,240.3474,53.9061,0.1068,0.24,4.68,4.66,7.9,2.3,1.1,,"2, 18",240.3474,53.9061
noras,J/ApJS/129/435/table1,J/ApJS/129/435/table1,244,RXC J1604.5+1743,Hercules,,241.1489,17.7244,0.037,0.82,16.93,16.46,7.0,0.98,3.4,L,"2, 53",241.1489,17.7244
noras,J/ApJS/129/435/table1,J/ApJS/129/435/table1,245,RXC J1604.9+2355,AWM 4,,241.2377,23.9206,0.0326,0.57,12.31,11.98,97.9,0.55,4.8,L,"2, 23",241.2377,23.9206
noras,J/ApJS/129/435/table1,J/ApJS/129/435/table1,246,RXC J1605.5+7208,,,241.3822,72.1467,0.1332,0.12,2.46,2.43,9.5,1.88,3.0,,1,241.3822,72.1467
noras,J/ApJS/129/435/table1,J/ApJS/129/435/table1,247,RXC J1615.5+1927,NGC 6098,,243.8947,19.46,0.0308,0.16,3.46,2.62,14.0,0.11,4.2,,2,243.8947,19.46
noras,J/ApJS/129/435/table1,J/ApJS/129/435/table1,248,RXC J1617.5+3458,NGC 6107,,244.3635,34.9367,0.0315,0.42,8.39,7.78,8.0,0.33,1.5,bL,"2, 17",244.3635,34.9367
noras,J/ApJS/129/435/table1,J/ApJS/129/435/table1,249,RXC J1618.2+2938,,,244.5741,29.64,0.2993,0.05,1.12,1.12,20.0,4.3,2.8,B,1,244.5741,29.64
noras,J/ApJS/129/435/table1,J/ApJS/129/435/table1,250,RXC J1620.5+2953,A2175,,245.1322,29.8953,0.0972,0.38,7.57,7.54,8.4,3.06,2.5,,"2, 6",245.1322,29.8953
noras,J/ApJS/129/435/table1,J/ApJS/129/435/table1,251,RXC J1624.2+4114,A2187,,246.0591,41.2383,0.1825,0.15,2.87,2.87,12.9,4.1,1.0,,"2, 20",246.0591,41.2383
noras,J/ApJS/129/435/table1,J/ApJS/129/435/table1,252,RXC J1626.9+5528,A2201,,246.7459,55.4802,0.13,0.14,2.83,2.8,10.6,2.06,2.0,,"1, 29",246.7459,55.4802
noras,J/ApJS/129/435/table1,J/ApJS/129/435/table1,253,RXC J1627.3+4240,A2192,,246.8482,42.6784,0.0317,0.19,3.66,2.75,10.1,0.12,1.0,,1,246.8482,42.6784
noras,J/ApJS/129/435/table1,J/ApJS/129/435/table1,254,RXC J1627.6+4055,A2197,,246.9173,40.9197,0.0301,0.22,4.28,3.21,10.9,0.13,1.0,,"2, 17",246.9173,40.9197
noras,J/ApJS/129/435/table1,J/ApJS/129/435/table1,255,RXC J1628.6+3932,A2199,,247.1582,39.5487,0.0299,5.08,97.92,97.92,2.6,3.77,0.8,L,"2, 21",247.1582,39.5487
noras,J/ApJS/129/435/table1,J/ApJS/129/435/table1,256,RXC J1629.7+5831,A2208,,247.4367,58.5241,0.1329,0.14,2.79,2.77,8.6,2.13,1.8,,"2, 20",247.4367,58.5241
noras,J/ApJS/129/435/table1,J/ApJS/129/435/table1,257,RXC J1632.7+0534,A2204,,248.1936,5.5705,0.1514,1.09,24.11,24.23,4.8,23.43,5.9,,"1, 6",248.1936,5.5705
noras,J/ApJS/129/435/table1,J/ApJS/129/435/table1,258,RXC J1634.6+6738,A2216,,248.6591,67.637,0.1668,0.06,1.23,1.22,10.5,1.48,4.4,,1,248.6591,67.637
noras,J/ApJS/129/435/table1,J/ApJS/129/435/table1,259,RXC J1635.8+6612,A2218,,248.9682,66.2144,0.1709,0.32,6.57,6.59,4.4,8.16,3.1,,"2, 6",248.9682,66.2144
noras,J/ApJS/129/435/table1,J/ApJS/129/435/table1,260,RXC J1640.3+4642,A2219,,250.0892,46.7058,0.228,0.56,11.1,11.18,5.2,24.33,1.7,,"2, 20",250.0892,46.7058
noras,J/ApJS/129/435/table1,J/ApJS/129/435/table1,261,RXC J1643.2+5114,A2227,,250.8043,51.2498,0.199,0.09,1.89,1.89,13.9,3.23,2.5,,1,250.8043,51.2498
noras,J/ApJS/129/435/table1,J/ApJS/129/435/table1,262,RXC J1643.3+2131,,,250.8337,21.5261,0.1535,0.08,1.62,1.6,17.3,1.65,5.0,,1,250.8337,21.5261
noras,J/ApJS/129/435/table1,J/ApJS/129/435/table1,263,RXC J1644.9+0140,,,251.2402,1.6677,0.0,0.05,1.15,1.15,34.7,0.0,5.1,?,,251.2402,1.6677
noras,J/ApJS/129/435/table1,J/ApJS/129/435/table1,264,RXC J1647.4+0441,,,251.8644,4.6882,0.0,0.06,1.29,1.29,25.6,0.0,6.2,?,,251.8644,4.6882
noras,J/ApJS/129/435/table1,J/ApJS/129/435/table1,265,RXC J1651.1+0459,Her A,,252.7918,4.9961,0.154,0.24,5.39,5.39,10.8,5.49,6.3,,"2, 54",252.7918,4.9961
noras,J/ApJS/129/435/table1,J/ApJS/129/435/table1,266,RXC J1652.2+4449,,,253.0679,44.8203,0.1753,0.16,3.09,3.09,11.7,4.06,1.8,,1,253.0679,44.8203
noras,J/ApJS/129/435/table1,J/ApJS/129/435/table1,267,RXC J1652.9+4009,,,253.2318,40.1535,0.1492,0.16,3.13,3.12,13.3,2.99,1.8,,1,253.2318,40.1535
noras,J/ApJS/129/435/table1,J/ApJS/129/435/table1,268,RXC J1654.3+2334,,,253.5972,23.5699,0.0575,0.13,2.69,2.5,13.5,0.36,4.6,,1,253.5972,23.5699
noras,J/ApJS/129/435/table1,J/ApJS/129/435/table1,269,RXC J1654.7+5854,A2239,,253.6945,58.9016,0.0869,0.11,2.18,2.12,11.9,0.7,2.2,,1,253.6945,58.9016
noras,J/ApJS/129/435/table1,J/ApJS/129/435/table1,270,RXC J1658.0+2751,AWM 5,,254.5032,27.8544,0.0337,0.37,7.89,7.33,8.2,0.36,5.0,L,"2, 23, 46",254.5032,27.8544
noras,J/ApJS/129/435/table1,J/ApJS/129/435/table1,271,RXC J1659.6+6826,,,254.9042,68.4375,0.0504,0.12,2.44,1.85,7.7,0.21,3.8,,"1, 55",254.9042,68.4375
noras,J/ApJS/129/435/table1,J/ApJS/129/435/table1,272,RXC J1659.7+3236,"A2241,B",,254.9365,32.6135,0.1013,0.24,4.72,4.68,9.9,2.08,2.2,,"2, 6",254.9365,32.6135
noras,J/ApJS/129/435/table1,J/ApJS/129/435/table1,273,RXC J1700.7+6412,A2246,,255.1949,64.2143,0.225,0.07,1.39,1.39,8.7,3.04,2.5,C,"2, 6",255.1949,64.2143
noras,J/ApJS/129/435/table1,J/ApJS/129/435/table1,274,RXC J1702.7+3403,A2244,,255.6786,34.0619,0.0953,0.95,19.02,19.08,3.8,7.39,2.1,,"2, 3",255.6786,34.0619
noras,J/ApJS/129/435/table1,J/ApJS/129/435/table1,275,RXC J1703.8+7838,A2256,,255.9532,78.6443,0.0581,2.29,48.08,48.19,2.1,7.01,4.0,L,5,255.9532,78.6443
noras,J/ApJS/129/435/table1,J/ApJS/129/435/table1,276,RXC J1709.8+3426,A2249,,257.4535,34.4406,0.0802,0.6,12.11,12.07,6.1,3.36,2.5,,"2, 6",257.4535,34.4406
noras,J/ApJS/129/435/table1,J/ApJS/129/435/table1,277,RXC J1711.0+3941,A2250,,257.7616,39.6942,0.0647,0.16,3.2,3.11,9.5,0.57,2.6,,"2, 6, 26",257.7616,39.6942
noras,J/ApJS/129/435/table1,J/ApJS/129/435/table1,278,RXC J1712.7+6403,A2255,,258.1968,64.0614,0.0809,1.01,20.44,20.5,4.2,5.77,2.5,L,"2, 6",258.1968,64.0614
noras,J/ApJS/129/435/table1,J/ApJS/129/435/table1,279,RXC J1714.3+4341,NGC 6329,,258.5775,43.6897,0.0276,0.19,3.82,2.88,9.9,0.09,2.2,,"2, 56",258.5775,43.6897
noras,J/ApJS/129/435/table1,J/ApJS/129/435/table1,280,RXC J1715.2+0309,,,258.8033,3.1631,0.1647,0.21,4.65,4.65,12.3,5.38,5.7,,1,258.8033,3.1631
noras,J/ApJS/129/435/table1,J/ApJS/129/435/table1,281,RXC J1715.3+5724,NGC 6338 i),,258.8414,57.4074,0.0276,0.75,15.24,14.81,15.4,0.49,2.8,L,"2, 57",258.8414,57.4074
noras,J/ApJS/129/435/table1,J/ApJS/129/435/table1,282,RXC J1717.6+3627,,a,259.4002,36.4637,0.1709,0.07,1.38,1.37,15.0,1.75,3.4,,1,259.4002,36.4637
noras,J/ApJS/129/435/table1,J/ApJS/129/435/table1,283,RXC J1717.8+1940,A2254,,259.4554,19.6833,0.178,0.29,6.3,6.32,9.3,8.51,5.4,,"1, 29, 32",259.4554,19.6833
noras,J/ApJS/129/435/table1,J/ApJS/129/435/table1,284,RXC J1717.8+3235,A2257,,259.4731,32.586,0.1054,0.19,3.8,3.77,12.6,1.82,3.2,,"2, 6",259.4731,32.586
noras,J/ApJS/129/435/table1,J/ApJS/129/435/table1,285,RXC J1718.1+5639,Zw 1717.9+5636,,259.541,56.6656,0.1138,0.28,5.66,5.64,8.5,3.13,2.9,,"1, 41",259.541,56.6656
noras,J/ApJS/129/435/table1,J/ApJS/129/435/table1,286,RXC J1718.1+7801,A2271,,259.5424,78.022,0.0584,0.25,5.21,5.07,6.5,0.75,4.0,,"2, 6",259.5424,78.022
noras,J/ApJS/129/435/table1,J/ApJS/129/435/table1,287,RXC J1720.1+2637,,e,260.0386,26.6272,0.1644,0.51,10.79,10.84,6.4,12.34,3.9,B,"1, 38",260.0386,26.6272
noras,J/ApJS/129/435/table1,J/ApJS/129/435/table1,288,RXC J1720.1+2740,A2259,,260.037,27.6702,0.164,0.25,5.3,5.31,8.6,6.06,3.6,,"1, 29, 32",260.037,27.6702
noras,J/ApJS/129/435/table1,J/ApJS/129/435/table1,289,RXC J1722.2+3042,,,260.5617,30.7041,0.05,0.07,1.4,1.06,22.1,0.12,3.3,B,"2, 56",260.5617,30.7041
noras,J/ApJS/129/435/table1,J/ApJS/129/435/table1,290,RXC J1722.4+3208,A2261,,260.6129,32.1338,0.224,0.47,9.77,9.83,6.6,20.61,3.4,,"1, 29, 32",260.6129,32.1338
noras,J/ApJS/129/435/table1,J/ApJS/129/435/table1,291,RXC J1723.3+5658,NGC 6370,,260.8466,56.9784,0.0272,0.1,2.16,1.51,10.5,0.05,3.2,,2,260.8466,56.9784
noras,J/ApJS/129/435/table1,J/ApJS/129/435/table1,292,RXC J1723.7+8553,A2294,,260.9478,85.885,0.178,0.23,5.25,5.26,8.1,7.11,6.6,,"1, 29, 41",260.9478,85.885
noras,J/ApJS/129/435/table1,J/ApJS/129/435/table1,293,RXC J1730.4+7422,,h,262.6207,74.3749,0.11,0.08,1.63,1.58,10.3,0.84,3.8,B,"1, 45",262.6207,74.3749
noras,J/ApJS/129/435/table1,J/ApJS/129/435/table1,294,RXC J1733.0+4345,IC 1262,,263.2607,43.7629,0.0307,0.59,11.89,11.55,5.1,0.47,2.5,,"2, 56, 57",263.2607,43.7629
noras,J/ApJS/129/435/table1,J/ApJS/129/435/table1,295,RXC J1735.0+6406,A2276,,263.7723,64.1015,0.1406,0.11,2.16,2.14,8.5,1.84,2.8,,1,263.7723,64.1015
noras,J/ApJS/129/435/table1,J/ApJS/129/435/table1,296,RXC J1735.9+1659,,,263.9757,16.9943,0.0858,0.09,1.98,1.93,16.8,0.63,5.9,,,263.9757,16.9943
noras,J/ApJS/129/435/table1,J/ApJS/129/435/table1,297,RXC J1736.3+6803,Zw 1745.6+6703,,264.0919,68.0572,0.0248,0.15,3.22,2.28,5.3,0.06,4.4,B,"1, 58",264.0919,68.0572
noras,J/ApJS/129/435/table1,J/ApJS/129/435/table1,298,RXC J1738.1+6006,,,264.5257,60.1014,0.0,0.06,1.36,1.36,9.2,0.0,3.7,?,,264.5257,60.1014
noras,J/ApJS/129/435/table1,J/ApJS/129/435/table1,299,RXC J1740.5+3538,,a,265.1362,35.6475,0.0428,0.32,6.42,6.24,6.8,0.49,2.6,,"1, 3, 41",265.1362,35.6475
noras,J/ApJS/129/435/table1,J/ApJS/129/435/table1,300,RXC J1742.8+3900,,,265.7013,39.0097,0.0423,0.26,5.35,4.97,8.3,0.39,3.0,,2,265.7013,39.0097
noras,J/ApJS/129/435/table1,J/ApJS/129/435/table1,301,RXC J1744.2+3259,Zw 1742.1+3306,,266.0624,32.9896,0.0757,0.85,17.73,17.73,4.6,4.37,3.6,,"2, 41, 59",266.0624,32.9896
noras,J/ApJS/129/435/table1,J/ApJS/129/435/table1,302,RXC J1747.2+4512,,,266.8202,45.2156,0.1565,0.13,2.55,2.54,18.4,2.69,2.9,B,1,266.8202,45.2156
noras,J/ApJS/129/435/table1,J/ApJS/129/435/table1,303,RXC J1749.3+4245,,,267.3406,42.7621,0.2296,0.07,1.43,1.43,21.8,3.27,3.1,,1,267.3406,42.7621
noras,J/ApJS/129/435/table1,J/ApJS/129/435/table1,304,RXC J1749.6+5334,,,267.4225,53.5793,0.0909,0.1,1.99,1.93,10.6,0.7,3.5,,1,267.4225,53.5793
noras,J/ApJS/129/435/table1,J/ApJS/129/435/table1,305,RXC J1750.2+3504,,b,267.5689,35.0817,0.1712,0.22,4.45,4.46,12.9,5.57,3.1,,"1, 3, 41",267.5689,35.0817
noras,J/ApJS/129/435/table1,J/ApJS/129/435/table1,306,RXC J1751.7+2304,NGC 6482,,267.948,23.0705,0.0132,0.17,3.88,2.84,10.9,0.02,7.7,,"2, 56",267.948,23.0705
noras,J/ApJS/129/435/table1,J/ApJS/129/435/table1,307,RXC J1753.4+5205,A2286,,268.374,52.092,0.0988,0.07,1.47,1.43,12.9,0.61,3.9,,1,268.374,52.092
noras,J/ApJS/129/435/table1,J/ApJS/129/435/table1,308,RXC J1754.0+5805,A2289,,268.5093,58.0886,0.2263,0.08,1.68,1.68,14.6,3.69,4.0,,"1, 27",268.5093,58.0886
noras,J/ApJS/129/435/table1,J/ApJS/129/435/table1,309,RXC J1754.6+6803,Zw 1754.5+6807,,268.6647,68.0564,0.077,0.2,4.28,4.16,26.7,1.08,4.7,B,4,268.6647,68.0564
noras,J/ApJS/129/435/table1,J/ApJS/129/435/table1,310,RXC J1755.8+6236,NGC 6521,,268.9564,62.6135,0.0266,0.19,3.84,2.9,5.4,0.09,3.4,B,"1, 58, 60",268.9564,62.6135
noras,J/ApJS/129/435/table1,J/ApJS/129/435/table1,311,RXC J1800.5+6913,A2295,,270.1284,69.2236,0.0823,0.11,2.28,2.21,6.5,0.66,4.5,C,"2, 6, 33",270.1284,69.2236
noras,J/ApJS/129/435/table1,J/ApJS/129/435/table1,312,RXC J1802.7+4247,,i,270.6811,42.7962,0.0502,0.09,1.82,1.37,23.4,0.15,3.3,,"2, 56, 57",270.6811,42.7962
noras,J/ApJS/129/435/table1,J/ApJS/129/435/table1,313,RXC J1811.0+4954,,,272.7503,49.911,0.0501,0.46,9.71,9.45,5.0,1.03,4.4,,"2, 41",272.7503,49.911
noras,J/ApJS/129/435/table1,J/ApJS/129/435/table1,314,RXC J1814.2+6939,A2301,,273.5738,69.6594,0.0863,0.05,1.11,1.03,10.0,0.34,5.3,,"2, 6",273.5738,69.6594
noras,J/ApJS/129/435/table1,J/ApJS/129/435/table1,315,RXC J1816.4+5314,,,274.1117,53.2377,0.2764,0.06,1.35,1.35,11.2,4.41,3.5,,1,274.1117,53.2377
noras,J/ApJS/129/435/table1,J/ApJS/129/435/table1,316,RXC J1819.8+3307,,,274.9666,33.1331,0.2796,0.06,1.24,1.24,17.2,4.16,4.6,,,274.9666,33.1331
noras,J/ApJS/129/435/table1,J/ApJS/129/435/table1,317,RXC J1819.9+5710,A2302,,274.9807,57.1677,0.0,0.13,2.71,2.71,15.2,0.0,3.7,,1,274.9807,57.1677
noras,J/ApJS/129/435/table1,J/ApJS/129/435/table1,318,RXC J1820.1+6857,A2304,,275.0444,68.9555,0.087,0.1,2.12,2.07,13.4,0.69,5.6,,"2, 6",275.0444,68.9555
noras,J/ApJS/129/435/table1,J/ApJS/129/435/table1,319,RXC J1827.2+6134,,,276.8168,61.5815,0.1014,0.09,1.94,1.88,11.5,0.85,4.5,,1,276.8168,61.5815
noras,J/ApJS/129/435/table1,J/ApJS/129/435/table1,320,RXC J1832.5+6449,,,278.14,64.8313,0.1623,0.09,1.95,1.94,6.7,2.23,5.2,,1,278.14,64.8313
noras,J/ApJS/129/435/table1,J/ApJS/129/435/table1,321,RXC J1832.5+6848,,,278.144,68.8034,0.205,0.15,3.33,3.34,5.3,5.98,6.1,C,"1, 61",278.144,68.8034
noras,J/ApJS/129/435/table1,J/ApJS/129/435/table1,322,RXC J1834.1+7057,A2308,,278.5392,70.9578,0.0824,0.11,2.37,2.31,7.5,0.69,5.7,,"2, 18",278.5392,70.9578
noras,J/ApJS/129/435/table1,J/ApJS/129/435/table1,323,RXC J1836.5+6344,,,279.1311,63.7423,0.0484,0.19,4.19,4.08,4.6,0.41,4.9,,1,279.1311,63.7423
noras,J/ApJS/129/435/table1,J/ApJS/129/435/table1,324,RXC J1843.6+5021,,,280.9128,50.3637,0.1158,0.12,2.51,2.48,11.3,1.44,5.4,,1,280.9128,50.3637
noras,J/ApJS/129/435/table1,J/ApJS/129/435/table1,325,RXC J1844.0+4533,,,281.0076,45.5567,0.0918,0.17,3.76,3.73,9.9,1.36,6.5,,"2, 46, 62",281.0076,45.5567
noras,J/ApJS/129/435/table1,J/ApJS/129/435/table1,326,RXC J1847.2+7320,A2310,,281.8169,73.3473,0.1125,0.12,2.75,2.73,7.6,1.49,6.8,,1,281.8169,73.3473
noras,J/ApJS/129/435/table1,J/ApJS/129/435/table1,327,RXC J1852.1+5711,,,283.039,57.1972,0.1094,0.17,3.78,3.75,8.1,1.95,5.3,,1,283.039,57.1972
noras,J/ApJS/129/435/table1,J/ApJS/129/435/table1,328,RXC J1853.9+6822,A2312,,283.492,68.3813,0.0928,0.26,5.67,5.62,5.4,2.09,5.3,,"2, 18",283.492,68.3813
noras,J/ApJS/129/435/table1,J/ApJS/129/435/table1,329,RXC J1854.1+6858,,,283.5274,68.9715,0.2415,0.07,1.59,1.59,9.6,3.95,5.3,?,1,283.5274,68.9715
noras,J/ApJS/129/435/table1,J/ApJS/129/435/table1,330,RXC J1900.4+6958,A2315,,285.1195,69.9687,0.0877,0.23,5.25,5.21,5.6,1.73,6.8,,"2, 18, 40",285.1195,69.9687
noras,J/ApJS/129/435/table1,J/ApJS/129/435/table1,331,RXC J1908.3+6903,A2317,,287.0997,69.0617,0.2103,0.08,1.91,1.9,13.1,3.65,7.0,B,"2, 6",287.0997,69.0617
noras,J/ApJS/129/435/table1,J/ApJS/129/435/table1,332,RXC J1910.4+6741,MS 1910.5+6736,,287.6136,67.6908,0.2471,0.1,2.32,2.33,8.6,6.04,6.0,,"1, 5",287.6136,67.6908
noras,J/ApJS/129/435/table1,J/ApJS/129/435/table1,333,RXC J1920.1+6318,,,290.033,63.3046,0.0,0.09,2.0,2.0,13.6,0.0,6.3,,1,290.033,63.3046
noras,J/ApJS/129/435/table1,J/ApJS/129/435/table1,334,RXC J1921.3+7433,,,290.3389,74.5654,0.0,0.13,2.97,2.97,9.1,0.0,7.9,,1,290.3389,74.5654
noras,J/ApJS/129/435/table1,J/ApJS/129/435/table1,335,RXC J1927.5+6549,,,291.8758,65.8322,0.1886,0.08,1.71,1.71,9.4,2.61,7.2,,1,291.8758,65.8322
noras,J/ApJS/129/435/table1,J/ApJS/129/435/table1,336,RXC J1935.3+6734,,,293.834,67.576,0.1706,0.09,2.01,2.01,10.3,2.52,7.8,,1,293.834,67.576
noras,J/ApJS/129/435/table1,J/ApJS/129/435/table1,337,RXC J2035.7+0046,,,308.9382,0.7678,0.0,0.05,1.03,1.03,29.0,0.0,7.5,?,1,308.9382,0.7678
noras,J/ApJS/129/435/table1,J/ApJS/129/435/table1,338,RXC J2041.7+0721,,,310.4251,7.3573,0.0639,0.05,1.07,0.82,24.8,0.15,7.9,?,1,310.4251,7.3573
noras,J/ApJS/129/435/table1,J/ApJS/129/435/table1,339,RXC J2050.7+0123,,,312.6898,1.3887,0.3334,0.05,1.24,1.24,25.8,5.88,7.5,,1,312.6898,1.3887
noras,J/ApJS/129/435/table1,J/ApJS/129/435/table1,340,RXC J2051.1+0216,,,312.7806,2.2679,0.3211,0.07,1.68,1.68,20.6,7.36,8.1,,1,312.7806,2.2679
noras,J/ApJS/129/435/table1,J/ApJS/129/435/table1,341,RXC J2057.5+1334,,,314.3892,13.5709,0.2232,0.04,0.91,0.91,27.6,1.99,10.5,,"1, 43",314.3892,13.5709
noras,J/ApJS/129/435/table1,J/ApJS/129/435/table1,342,RXC J2103.8+0437,,,315.9612,4.6258,0.1694,0.04,0.79,0.77,25.9,0.99,7.0,,1,315.9612,4.6258
noras,J/ApJS/129/435/table1,J/ApJS/129/435/table1,343,RXC J2104.9+1401,,,316.226,14.0278,0.1615,0.14,3.24,3.24,13.4,3.66,7.3,,1,316.226,14.0278
noras,J/ApJS/129/435/table1,J/ApJS/129/435/table1,344,RXC J2113.8+0233,IC 1365,,318.4745,2.5555,0.0494,0.61,13.6,13.49,8.9,1.42,6.6,,"2, 43",318.4745,2.5555
noras,J/ApJS/129/435/table1,J/ApJS/129/435/table1,345,RXC J2129.6+0005,,e,322.4186,0.0973,0.2347,0.34,7.18,7.22,11.2,16.7,4.2,,"1, 38",322.4186,0.0973
noras,J/ApJS/129/435/table1,J/ApJS/129/435/table1,346,RXC J2151.4+1347,,,327.8595,13.7979,0.2076,0.1,2.21,2.21,22.0,4.09,6.3,,1,327.8595,13.7979
noras,J/ApJS/129/435/table1,J/ApJS/129/435/table1,347,RXC J2153.5+1741,A2390,,328.398,17.6868,0.2329,0.49,11.01,11.06,10.3,25.15,6.7,,"2, 6",328.398,17.6868
noras,J/ApJS/129/435/table1,J/ApJS/129/435/table1,348,RXC J2155.6+1232,A2396,,328.9198,12.5336,0.192,0.16,3.49,3.49,16.8,5.51,6.3,,"2, 27",328.9198,12.5336
noras,J/ApJS/129/435/table1,J/ApJS/129/435/table1,349,RXC J2200.8+2058,A2409,,330.2201,20.9708,0.147,0.37,8.32,8.34,12.0,7.68,6.7,,"2, 20",330.2201,20.9708
noras,J/ApJS/129/435/table1,J/ApJS/129/435/table1,350,RXC J2214.8+1350,,b,333.7198,13.8468,0.0253,0.2,4.28,3.24,18.1,0.09,5.1,,"2, 41, 63",333.7198,13.8468
noras,J/ApJS/129/435/table1,J/ApJS/129/435/table1,351,RXC J2226.8+2550,A2445,,336.7199,25.8432,0.165,0.15,3.28,3.28,16.6,3.82,5.3,,1,336.7199,25.8432
noras,J/ApJS/129/435/table1,J/ApJS/129/435/table1,352,RXC J2228.6+2036,,,337.1546,20.6087,0.412,0.2,4.21,4.24,20.0,29.62,4.7,,1,337.1546,20.6087
noras,J/ApJS/129/435/table1,J/ApJS/129/435/table1,353,RXC J2241.8+1732,A2472,,340.4738,17.5416,0.3137,0.09,2.04,2.05,21.3,8.44,5.3,,1,340.4738,17.5416
noras,J/ApJS/129/435/table1,J/ApJS/129/435/table1,354,RXC J2245.0+2637,,,341.2713,26.6304,0.304,0.14,3.01,3.02,13.2,11.71,5.4,,1,341.2713,26.6304
noras,J/ApJS/129/435/table1,J/ApJS/129/435/table1,355,RXC J2250.3+1054,A2495,,342.5873,10.9024,0.0768,0.5,10.8,10.77,35.7,2.74,5.5,,"2, 18",342.5873,10.9024
noras,J/ApJS/129/435/table1,J/ApJS/129/435/table1,356,RXC J2256.8+0530,A2507,,344.2195,5.5115,0.196,0.04,0.88,0.87,43.0,1.46,5.6,B,"3, 64",344.2195,5.5115
noras,J/ApJS/129/435/table1,J/ApJS/129/435/table1,357,RXC J2300.2+2926,,,345.0579,29.4419,0.0688,0.14,2.93,2.85,15.0,0.59,5.7,o,1,345.0579,29.4419
noras,J/ApJS/129/435/table1,J/ApJS/129/435/table1,358,RXC J2307.0+1631,,,346.7632,16.5236,0.2502,0.16,3.45,3.46,23.8,9.16,6.0,,1,346.7632,16.5236
noras,J/ApJS/129/435/table1,J/ApJS/129/435/table1,359,RXC J2307.6+2716,,,346.9169,27.27,0.11,0.07,1.51,1.47,26.4,0.78,5.6,,1,346.9169,27.27
noras,J/ApJS/129/435/table1,J/ApJS/129/435/table1,360,RXC J2310.4+0734,Pegasus II,,347.6099,7.5769,0.0424,0.5,10.66,10.37,8.3,0.81,4.9,,"2, 65, 66",347.6099,7.5769
noras,J/ApJS/129/435/table1,J/ApJS/129/435/table1,361,RXC J2311.1+1137,,,347.7875,11.6317,0.261,0.07,1.55,1.55,19.2,4.56,4.5,,1,347.7875,11.6317
noras,J/ApJS/129/435/table1,J/ApJS/129/435/table1,362,RXC J2311.5+0338,A2552,,347.8878,3.6437,0.2998,0.21,4.59,4.62,15.8,17.21,5.2,,2,347.8878,3.6437
noras,J/ApJS/129/435/table1,J/ApJS/129/435/table1,363,RXC J2318.5+1842,A2572,,349.6323,18.7054,0.0403,0.4,8.44,8.21,9.6,0.58,4.6,,"2, 6, 17",349.6323,18.7054
noras,J/ApJS/129/435/table1,J/ApJS/129/435/table1,364,RXC J2321.8+1505,,,350.4671,15.043,0.15,0.1,2.21,2.19,15.0,2.15,4.1,c,1,350.4671,15.043
noras,J/ApJS/129/435/table1,J/ApJS/129/435/table1,365,RXC J2323.6+0908,A2588,,350.9125,9.148,0.1992,0.1,2.12,2.11,17.9,3.63,4.7,,1,350.9125,9.148
noras,J/ApJS/129/435/table1,J/ApJS/129/435/table1,366,RXC J2325.0+1841,,,351.2493,18.6971,0.2018,0.04,0.84,0.84,32.5,1.49,4.2,,,351.2493,18.6971
noras,J/ApJS/129/435/table1,J/ApJS/129/435/table1,367,RXC J2333.8+2140,,,353.4712,21.6771,0.1022,0.14,2.96,2.94,17.2,1.33,4.3,,1,353.4712,21.6771
noras,J/ApJS/129/435/table1,J/ApJS/129/435/table1,368,RXC J2334.0+0704,A2620,,353.5203,7.0709,0.099,0.08,1.82,1.82,19.4,0.76,5.6,,69,353.5203,7.0709
noras,J/ApJS/129/435/table1,J/ApJS/129/435/table1,369,RXC J2336.5+2108,A2626,,354.1261,21.1424,0.0565,0.54,11.32,11.22,7.5,1.55,4.3,,"2, 6",354.1261,21.1424
noras,J/ApJS/129/435/table1,J/ApJS/129/435/table1,370,RXC J2337.6+0016,A2631,,354.4206,0.276,0.278,0.17,3.56,3.58,20.1,11.6,3.8,,"1, 29, 67",354.4206,0.276
noras,J/ApJS/129/435/table1,J/ApJS/129/435/table1,371,RXC J2338.4+2659,A2634,,354.6071,27.0126,0.0309,1.01,21.87,21.29,5.1,0.88,5.2,bL,"2, 6, 43",354.6071,27.0126
noras,J/ApJS/129/435/table1,J/ApJS/129/435/table1,372,RXC J2340.5+1029,A2639,,355.1335,10.491,0.18,0.08,1.82,1.82,19.0,2.55,5.3,,1,355.1335,10.491
noras,J/ApJS/129/435/table1,J/ApJS/129/435/table1,373,RXC J2341.1+0018,,,355.2763,0.3148,0.11,0.1,2.0,1.94,18.0,1.03,3.7,,"1, 37",355.2763,0.3148
noras,J/ApJS/129/435/table1,J/ApJS/129/435/table1,374,RXC J2344.9+0911,A2657,,356.2376,9.198,0.04,1.22,26.49,26.27,6.0,1.81,5.3,L,"2, 21, 66",356.2376,9.198
noras,J/ApJS/129/435/table1,J/ApJS/129/435/table1,375,RXC J2350.5+2929,MS 2348.0+2913,,357.64,29.498,0.1498,0.17,3.69,3.68,16.9,3.56,5.3,,"1, 5",357.64,29.498
noras,J/ApJS/129/435/table1,J/ApJS/129/435/table1,376,RXC J2350.8+0609,A2665,,357.7109,6.1611,0.0562,0.6,13.34,13.24,11.7,1.81,6.2,,"2, 6",357.7109,6.1611
noras,J/ApJS/129/435/table1,J/ApJS/129/435/table1,377,RXC J2355.6+1120,A2675,,358.9094,11.3433,0.0726,0.31,6.7,6.64,10.2,1.51,4.5,,"2, 6",358.9094,11.3433
noras,J/ApJS/129/435/table1,J/ApJS/129/435/table1,378,RXC J2355.8+3423,A2677,,358.9572,34.3859,0.148,0.11,2.52,2.51,20.2,2.37,6.3,,1,358.9572,34.3859
