catalog,vizier_source,vizier_table,recno,XLSSC,RAJ2000,DEJ2000,z,Ngal,Class,Mgas500kpc,E_Mgas500kpc,e_Mgas500kpc,r500MT,T300kpc,E_T300kpc,e_T300kpc,LXXL500MT,e_LXXL500MT,F60,e_F60,Flags,RA_deg,Dec_deg
xxl,IX/52/xxl365gc,IX/52/xxl365gc,1,199,30.192,-6.708,0.339,2,1,72.59,3.83,5.12,644,2.06,0.28,0.2,31.92,2.97,67,5,l,30.191999435424805,-6.708000183105469
xxl,IX/52/xxl365gc,IX/52/xxl365gc,2,200,30.331,-6.83,0.333,2,1,48.04,2.51,2.92,653,2.1,0.3,0.21,16.27,1.7,31,3,l,30.33099937438965,-6.829999923706055
xxl,IX/52/xxl365gc,IX/52/xxl365gc,3,114,30.425,-5.031,0.234,6,2,39.86,2.84,2.76,16959,1e+20,1e+20,1e+20,1e+20,1e+20,35,8,l,30.424999237060547,-5.031000137329102
xxl,IX/52/xxl365gc,IX/52/xxl365gc,4,179,30.482,-6.574,0.608,5,1,42.83,10.47,11.31,16959,1e+20,1e+20,1e+20,1e+20,1e+20,14,4,l,30.48200035095215,-6.573999881744385
xxl,IX/52/xxl365gc,IX/52/xxl365gc,5,113,30.561,-7.009,0.05,9,1,8.4,0.42,0.36,16959,1e+20,1e+20,1e+20,1e+20,1e+20,115,8,l,30.56100082397461,-7.008999824523926
xxl,IX/52/xxl365gc,IX/52/xxl365gc,6,174,30.592,-5.899,0.235,8,1,40.93,2.99,3.61,570,1.5,0.09,0.09,7.82,0.54,25,4,l,30.591999053955078,-5.89900016784668
xxl,IX/52/xxl365gc,IX/52/xxl365gc,7,94,30.648,-6.732,0.886,3,1,106.46,11.09,11.04,581,3.01,0.58,0.5,223.57,31.58,48,5,+l,30.648000717163086,-6.73199987411499
xxl,IX/52/xxl365gc,IX/52/xxl365gc,8,196,30.728,-7.652,0.136,8,1,26.23,1.78,2.19,563,1.34,0.17,0.08,4.2,0.5,32,4,l,30.72800064086914,-7.6519999504089355
xxl,IX/52/xxl365gc,IX/52/xxl365gc,9,178,30.753,-6.285,0.194,2,2,29.5,2.5,4.05,655,0.81,0.05,0.05,2.6,0.17,17,3,l,30.753000259399414,-6.284999847412109
xxl,IX/52/xxl365gc,IX/52/xxl365gc,10,156,30.766,-7.101,0.336,4,2,33.37,2.91,2.92,16959,1e+20,1e+20,1e+20,1e+20,1e+20,28,4,l,30.766000747680664,-7.10099983215332
xxl,IX/52/xxl365gc,IX/52/xxl365gc,11,157,30.865,-6.929,0.585,5,1,69.87,6.04,6.48,721,3.24,0.64,0.74,42.22,6.91,19,3,l,30.864999771118164,-6.928999900817871
xxl,IX/52/xxl365gc,IX/52/xxl365gc,12,197,30.923,-7.785,0.439,2,1,106.9,4.67,4.88,755,3.03,0.42,0.37,76.04,8.13,97,7,l,30.92300033569336,-7.784999847412109
xxl,IX/52/xxl365gc,IX/52/xxl365gc,13,96,30.973,-5.027,0.52,6,1,89.0,4.59,4.74,951,4.98,0.5,0.86,62.58,7.8,36,4,+*l,30.972999572753906,-5.0269999504089355
xxl,IX/52/xxl365gc,IX/52/xxl365gc,14,155,31.134,-6.748,0.433,2,1,35.94,3.97,4.06,576,1.85,0.29,0.24,16.2,2.15,23,3,l,31.134000778198242,-6.748000144958496
xxl,IX/52/xxl365gc,IX/52/xxl365gc,15,173,31.251,-5.931,0.413,3,1,46.89,3.73,4.0,930,4.29,0.26,0.22,16.87,1.07,24,3,l,31.250999450683594,-5.931000232696533
xxl,IX/52/xxl365gc,IX/52/xxl365gc,16,177,31.29,-4.918,0.211,7,2,36.78,2.31,2.68,16959,1e+20,1e+20,1e+20,1e+20,1e+20,22,4,l,31.290000915527344,-4.918000221252441
xxl,IX/52/xxl365gc,IX/52/xxl365gc,17,102,31.322,-4.652,0.969,3,1,138.48,6.6,6.4,638,3.87,0.81,0.76,166.36,24.34,42,4,+l,31.32200050354004,-4.6519999504089355
xxl,IX/52/xxl365gc,IX/52/xxl365gc,18,106,31.351,-5.732,0.3,14,1,82.7,2.32,2.34,777,2.78,0.2,0.17,42.67,2.29,91,4,+l,31.35099983215332,-5.73199987411499
xxl,IX/52/xxl365gc,IX/52/xxl365gc,19,107,31.354,-7.594,0.436,3,1,66.76,3.88,4.27,672,2.45,0.37,0.34,49.01,5.04,56,5,+l,31.354000091552734,-7.593999862670898
xxl,IX/52/xxl365gc,IX/52/xxl365gc,20,160,31.521,-5.194,0.817,4,2,1e+20,1e+20,1e+20,16959,1e+20,1e+20,1e+20,1e+20,1e+20,6,4,,31.520999908447266,-5.193999767303467
xxl,IX/52/xxl365gc,IX/52/xxl365gc,21,100,31.549,-6.193,0.915,6,1,133.76,4.47,4.46,808,5.6,0.51,0.43,139.92,12.35,36,6,+l,31.548999786376953,-6.192999839782715
xxl,IX/52/xxl365gc,IX/52/xxl365gc,22,172,31.571,-5.893,0.426,2,2,26.91,7.48,11.62,16959,1e+20,1e+20,1e+20,1e+20,1e+20,12,3,,31.570999145507812,-5.89300012588501
xxl,IX/52/xxl365gc,IX/52/xxl365gc,23,175,31.649,-7.568,0.293,2,2,1e+20,1e+20,1e+20,994,1.82,0.11,0.12,6.62,0.41,11,4,,31.64900016784668,-7.567999839782715
xxl,IX/52/xxl365gc,IX/52/xxl365gc,24,93,31.699,-6.948,0.429,6,1,100.75,2.66,2.81,795,3.29,0.49,0.48,63.19,6.59,72,5,+l,31.698999404907227,-6.947999954223633
xxl,IX/52/xxl365gc,IX/52/xxl365gc,25,108,31.832,-4.827,0.254,4,1,42.96,2.09,2.1,723,2.34,0.31,0.24,20.64,1.93,62,4,+l,31.832000732421875,-4.827000141143799
xxl,IX/52/xxl365gc,IX/52/xxl365gc,26,95,31.962,-5.206,0.138,12,1,7.09,2.1,3.57,452,0.9,0.09,0.08,1.89,0.25,31,4,+l,31.961999893188477,-5.205999851226807
xxl,IX/52/xxl365gc,IX/52/xxl365gc,27,171,31.986,-5.871,0.044,5,1,1.01,0.8,0.74,16959,1e+20,1e+20,1e+20,1e+20,1e+20,19,4,lF,31.986000061035156,-5.870999813079834
xxl,IX/52/xxl365gc,IX/52/xxl365gc,28,92,32.071,-7.276,0.432,3,1,63.77,3.65,3.96,664,2.39,0.34,0.35,25.36,3.46,31,4,+l,32.07099914550781,-7.276000022888184
xxl,IX/52/xxl365gc,IX/52/xxl365gc,29,101,32.193,-4.436,0.756,9,1,135.44,4.91,4.93,620,2.95,0.47,0.38,138.93,15.71,55,4,+l,32.19300079345703,-4.435999870300293
xxl,IX/52/xxl365gc,IX/52/xxl365gc,30,159,32.268,-5.305,0.614,3,2,1e+20,1e+20,1e+20,1037,2.44,0.67,0.48,25.73,5.46,8,4,,32.268001556396484,-5.304999828338623
xxl,IX/52/xxl365gc,IX/52/xxl365gc,31,109,32.296,-6.346,0.491,2,1,59.72,6.03,6.23,650,2.44,0.14,0.18,69.18,4.58,51,7,+l,32.29600143432617,-6.3460001945495605
xxl,IX/52/xxl365gc,IX/52/xxl365gc,32,163,32.463,-6.117,0.283,4,1,5.37,3.69,2.33,16959,1e+20,1e+20,1e+20,1e+20,1e+20,11,3,,32.4630012512207,-6.117000102996826
xxl,IX/52/xxl365gc,IX/52/xxl365gc,33,167,32.479,-4.63,0.298,5,1,34.9,3.36,3.52,618,1.84,0.25,0.23,7.85,1.17,26,4,l,32.479000091552734,-4.630000114440918
xxl,IX/52/xxl365gc,IX/52/xxl365gc,34,176,32.49,-4.98,0.141,10,1,20.37,1.39,1.61,580,1.42,0.18,0.15,3.39,0.46,22,4,l,32.4900016784668,-4.980000019073486
xxl,IX/52/xxl365gc,IX/52/xxl365gc,35,112,32.514,-5.462,0.139,14,1,19.09,1.07,1.08,483,1.02,0.06,0.05,2.92,0.17,59,7,+l,32.513999938964844,-5.461999893188477
xxl,IX/52/xxl365gc,IX/52/xxl365gc,36,162,32.524,-6.093,0.138,2,2,0.68,0.66,0.34,16959,1e+20,1e+20,1e+20,1e+20,1e+20,8,2,F,32.52399826049805,-6.0929999351501465
xxl,IX/52/xxl365gc,IX/52/xxl365gc,37,116,32.664,-5.945,0.534,31,2,45.79,7.19,10.22,1771,6.03,0.29,0.49,50.28,3.69,15,3,l,32.66400146484375,-5.945000171661377
xxl,IX/52/xxl365gc,IX/52/xxl365gc,38,115,32.681,-6.588,0.043,22,1,56.06,0.68,0.68,16959,1e+20,1e+20,1e+20,1e+20,1e+20,122,14,l,32.680999755859375,-6.5879998207092285
xxl,IX/52/xxl365gc,IX/52/xxl365gc,39,82,32.714,-6.173,0.427,5,1,45.71,4.46,5.68,836,3.58,0.61,0.5,22.44,2.95,25,4,l,32.7140007019043,-6.172999858856201
xxl,IX/52/xxl365gc,IX/52/xxl365gc,40,83,32.735,-6.2,0.43,5,1,76.24,3.34,4.22,1019,5.14,1.17,0.81,48.18,5.41,47,4,+l,32.73500061035156,-6.199999809265137
xxl,IX/52/xxl365gc,IX/52/xxl365gc,41,84,32.767,-6.211,0.43,6,1,56.13,5.92,5.68,667,2.4,0.43,0.35,17.69,2.71,33,4,+l,32.766998291015625,-6.210999965667725
xxl,IX/52/xxl365gc,IX/52/xxl365gc,42,201,32.767,-4.893,0.138,20,1,14.45,1.63,1.67,621,1.6,0.24,0.16,10.03,1.14,100,8,l,32.766998291015625,-4.89300012588501
xxl,IX/52/xxl365gc,IX/52/xxl365gc,43,158,32.793,-4.349,0.442,2,2,46.92,5.4,5.77,910,1.72,0.31,0.26,20.61,3.42,24,6,l,32.792999267578125,-4.348999977111816
xxl,IX/52/xxl365gc,IX/52/xxl365gc,44,86,32.809,-6.162,0.424,3,1,30.63,5.32,5.7,730,2.81,0.56,0.49,12.49,1.83,16,3,l,32.808998107910156,-6.1620001792907715
xxl,IX/52/xxl365gc,IX/52/xxl365gc,45,85,32.87,-6.196,0.428,2,1,49.39,5.99,6.86,898,4.09,0.76,0.69,44.09,4.58,41,4,+l,32.869998931884766,-6.196000099182129
xxl,IX/52/xxl365gc,IX/52/xxl365gc,46,111,33.111,-5.627,0.3,12,1,86.84,2.58,2.66,911,3.7,0.52,0.5,61.91,4.86,140,6,+l,33.111000061035156,-5.626999855041504
xxl,IX/52/xxl365gc,IX/52/xxl365gc,47,98,33.115,-6.076,0.297,5,1,43.32,4.8,5.03,806,2.96,0.57,0.59,15.16,2.19,35,5,+l,33.1150016784668,-6.076000213623047
xxl,IX/52/xxl365gc,IX/52/xxl365gc,48,117,33.121,-5.528,0.298,7,1,33.85,2.82,3.07,873,3.42,0.47,0.57,12.09,1.68,25,3,l,33.12099838256836,-5.5279998779296875
xxl,IX/52/xxl365gc,IX/52/xxl365gc,49,166,33.211,-4.6,0.158,10,1,12.25,2.52,2.91,595,1.54,0.14,0.17,3.36,0.45,24,3,l,33.21099853515625,-4.599999904632568
xxl,IX/52/xxl365gc,IX/52/xxl365gc,50,99,33.22,-6.202,0.391,1,1,47.37,5.3,5.91,870,3.72,0.87,0.54,23.41,3.55,32,4,+l,33.220001220703125,-6.202000141143799
xxl,IX/52/xxl365gc,IX/52/xxl365gc,51,97,33.342,-6.098,0.697,3,1,93.88,6.94,7.37,864,5.04,1.14,0.95,114.51,18.17,42,5,+l,33.34199905395508,-6.0980000495910645
xxl,IX/52/xxl365gc,IX/52/xxl365gc,52,165,33.356,-4.516,0.18,7,2,1e+20,1e+20,1e+20,730,0.97,0.12,0.15,1.18,0.17,5,2,,33.35599899291992,-4.515999794006348
xxl,IX/52/xxl365gc,IX/52/xxl365gc,53,198,33.496,-5.186,0.356,2,1,30.21,3.0,3.73,498,1.32,0.14,0.09,6.51,0.78,13,2,l,33.49599838256836,-5.185999870300293
xxl,IX/52/xxl365gc,IX/52/xxl365gc,54,110,33.537,-5.585,0.445,6,1,59.76,3.18,3.51,553,1.74,0.28,0.22,17.43,2.31,32,3,+*l,33.5369987487793,-5.585000038146973
xxl,IX/52/xxl365gc,IX/52/xxl365gc,55,60,33.668,-4.553,0.139,26,1,110.94,0.56,0.57,1130,4.7,0.26,0.26,63.15,1.67,230,5,+l,33.667999267578125,-4.552999973297119
xxl,IX/52/xxl365gc,IX/52/xxl365gc,56,76,33.682,-3.823,0.75,6,1,81.8,3.73,4.06,16959,1e+20,1e+20,1e+20,1e+20,1e+20,20,3,l,33.68199920654297,-3.822999954223633
xxl,IX/52/xxl365gc,IX/52/xxl365gc,57,73,33.744,-3.506,1.033,4,2,1e+20,1e+20,1e+20,728,1.72,0.41,0.33,56.43,10.25,7,3,,33.74399948120117,-3.50600004196167
xxl,IX/52/xxl365gc,IX/52/xxl365gc,58,138,33.75,-3.905,0.14,9,2,8.37,3.49,2.7,16959,1e+20,1e+20,1e+20,1e+20,1e+20,18,5,l,33.75,-3.9049999713897705
xxl,IX/52/xxl365gc,IX/52/xxl365gc,59,188,33.812,-4.223,0.57,1,2,1e+20,1e+20,1e+20,16959,1e+20,1e+20,1e+20,1e+20,1e+20,5,5,,33.8120002746582,-4.2230000495910645
xxl,IX/52/xxl365gc,IX/52/xxl365gc,60,72,33.85,-3.726,1.002,5,1,131.07,4.43,5.99,434,2.0,0.27,0.31,138.93,18.67,41,4,+l,33.849998474121094,-3.7260000705718994
xxl,IX/52/xxl365gc,IX/52/xxl365gc,61,180,33.863,-5.556,0.289,11,1,44.89,2.12,2.27,775,2.74,0.19,0.19,12.38,0.79,19,3,l,33.862998962402344,-5.556000232696533
xxl,IX/52/xxl365gc,IX/52/xxl365gc,62,135,33.868,-4.049,0.371,2,2,27.87,8.95,21.23,801,1.3,0.26,0.2,10.31,1.95,13,3,l,33.86800003051758,-4.048999786376953
xxl,IX/52/xxl365gc,IX/52/xxl365gc,63,56,33.871,-4.682,0.348,6,1,72.99,2.36,2.32,788,2.99,0.5,0.39,42.99,3.84,76,4,+l,33.87099838256836,-4.682000160217285
xxl,IX/52/xxl365gc,IX/52/xxl365gc,64,161,33.915,-5.98,0.306,3,1,42.89,2.44,3.08,715,2.41,0.41,0.34,12.44,1.75,27,4,l,33.915000915527344,-5.980000019073486
xxl,IX/52/xxl365gc,IX/52/xxl365gc,65,78,33.948,-4.842,0.953,3,2,45.89,10.93,12.26,949,2.63,0.41,0.45,74.85,12.49,10,2,,33.948001861572266,-4.8420000076293945
xxl,IX/52/xxl365gc,IX/52/xxl365gc,66,57,34.051,-4.242,0.153,18,1,46.8,0.99,1.0,707,2.05,0.26,0.18,11.37,0.93,80,5,+l,34.05099868774414,-4.242000102996826
xxl,IX/52/xxl365gc,IX/52/xxl365gc,67,187,34.136,-4.509,0.447,2,2,30.76,4.45,3.77,1295,3.24,0.6,0.59,28.8,4.11,17,3,l,34.13600158691406,-4.508999824523926
xxl,IX/52/xxl365gc,IX/52/xxl365gc,68,144,34.152,-4.45,0.447,5,2,46.19,5.0,6.2,910,1.72,0.28,0.23,11.01,1.7,15,4,l,34.152000427246094,-4.449999809265137
xxl,IX/52/xxl365gc,IX/52/xxl365gc,69,202,34.16,-4.617,0.292,3,2,1e+20,1e+20,1e+20,16959,1e+20,1e+20,1e+20,1e+20,1e+20,3,1,,34.15999984741211,-4.617000102996826
xxl,IX/52/xxl365gc,IX/52/xxl365gc,70,194,34.2,-4.555,0.411,2,2,27.25,2.94,5.01,16959,1e+20,1e+20,1e+20,1e+20,1e+20,13,2,l,34.20000076293945,-4.554999828338623
xxl,IX/52/xxl365gc,IX/52/xxl365gc,71,65,34.245,-4.819,0.435,3,2,27.7,3.65,3.89,16959,1e+20,1e+20,1e+20,1e+20,1e+20,11,3,+,34.244998931884766,-4.818999767303467
xxl,IX/52/xxl365gc,IX/52/xxl365gc,72,195,34.266,-4.478,0.661,5,2,1e+20,1e+20,1e+20,16959,1e+20,1e+20,1e+20,1e+20,1e+20,1,2,,34.26599884033203,-4.478000164031982
xxl,IX/52/xxl365gc,IX/52/xxl365gc,73,139,34.267,-3.536,0.216,5,2,8.18,2.72,3.04,16959,1e+20,1e+20,1e+20,1e+20,1e+20,12,3,,34.266998291015625,-3.5360000133514404
xxl,IX/52/xxl365gc,IX/52/xxl365gc,74,141,34.357,-4.659,0.196,3,2,1.07,0.59,0.32,16959,1e+20,1e+20,1e+20,1e+20,1e+20,4,1,,34.356998443603516,-4.658999919891357
xxl,IX/52/xxl365gc,IX/52/xxl365gc,75,59,34.397,-5.223,0.645,7,1,60.5,2.85,2.67,657,2.92,0.49,0.37,21.56,2.3,12,2,,34.39699935913086,-5.2230000495910645
xxl,IX/52/xxl365gc,IX/52/xxl365gc,76,137,34.416,-3.807,0.29,2,2,41.0,2.1,2.38,945,1.66,0.22,0.15,13.22,1.42,26,3,l,34.41600036621094,-3.806999921798706
xxl,IX/52/xxl365gc,IX/52/xxl365gc,77,124,34.425,-4.863,0.516,5,1,19.95,3.51,3.45,594,2.13,0.41,0.38,5.56,0.99,5,1,,34.42499923706055,-4.86299991607666
xxl,IX/52/xxl365gc,IX/52/xxl365gc,78,203,34.428,-4.989,1.077,1,2,1e+20,1e+20,1e+20,16959,1e+20,1e+20,1e+20,1e+20,1e+20,2,1,,34.428001403808594,-4.988999843597412
xxl,IX/52/xxl365gc,IX/52/xxl365gc,79,122,34.433,-3.759,1.99,X,1,143.18,15.93,17.09,16959,1e+20,1e+20,1e+20,1e+20,1e+20,13,3,*l,34.43299865722656,-3.759000062942505
xxl,IX/52/xxl365gc,IX/52/xxl365gc,80,79,34.494,-4.868,0.194,5,2,1e+20,1e+20,1e+20,16959,1e+20,1e+20,1e+20,1e+20,1e+20,4,2,*,34.49399948120117,-4.868000030517578
xxl,IX/52/xxl365gc,IX/52/xxl365gc,81,192,34.509,-5.029,0.341,2,2,1e+20,1e+20,1e+20,16959,1e+20,1e+20,1e+20,1e+20,1e+20,3,2,,34.50899887084961,-5.0289998054504395
xxl,IX/52/xxl365gc,IX/52/xxl365gc,82,77,34.527,-3.656,0.202,4,2,32.53,3.56,3.99,931,1.53,0.28,0.21,7.66,1.11,23,4,l,34.527000427246094,-3.6559998989105225
xxl,IX/52/xxl365gc,IX/52/xxl365gc,83,80,34.597,-5.413,0.646,7,2,42.62,4.52,5.3,824,1.65,0.32,0.25,11.18,1.73,6,2,,34.59700012207031,-5.413000106811523
xxl,IX/52/xxl365gc,IX/52/xxl365gc,84,64,34.632,-5.017,0.874,3,1,103.72,2.48,2.4,16959,1e+20,1e+20,1e+20,1e+20,1e+20,13,2,+l,34.63199996948242,-5.017000198364258
xxl,IX/52/xxl365gc,IX/52/xxl365gc,85,67,34.681,-5.549,0.382,5,1,34.11,2.62,2.89,470,1.22,0.13,0.17,6.92,0.94,14,2,+l,34.680999755859375,-5.548999786376953
xxl,IX/52/xxl365gc,IX/52/xxl365gc,86,142,34.729,-5.469,0.451,5,2,16.69,4.29,4.54,1016,2.1,0.54,0.37,6.65,1.12,7,2,,34.729000091552734,-5.468999862670898
xxl,IX/52/xxl365gc,IX/52/xxl365gc,87,193,34.876,-5.058,0.203,3,2,1e+20,1e+20,1e+20,16959,1e+20,1e+20,1e+20,1e+20,1e+20,3,2,,34.875999450683594,-5.058000087738037
xxl,IX/52/xxl365gc,IX/52/xxl365gc,88,189,34.908,-4.007,0.204,6,1,20.11,2.02,2.23,531,1.28,0.18,0.14,2.73,0.38,18,3,l,34.90800094604492,-4.006999969482422
xxl,IX/52/xxl365gc,IX/52/xxl365gc,89,58,34.935,-4.889,0.332,10,1,30.04,1.5,1.6,669,2.19,0.27,0.26,6.5,0.7,11,2,+,34.935001373291016,-4.888999938964844
xxl,IX/52/xxl365gc,IX/52/xxl365gc,90,183,35.065,-4.917,0.511,3,2,22.79,4.3,6.45,1503,4.42,0.89,0.69,13.1,2.64,9,3,,35.064998626708984,-4.916999816894531
xxl,IX/52/xxl365gc,IX/52/xxl365gc,91,39,35.099,-2.841,0.231,6,1,15.16,2.48,2.62,592,1.6,0.28,0.22,5.61,0.83,17,2,+l,35.0989990234375,-2.8410000801086426
xxl,IX/52/xxl365gc,IX/52/xxl365gc,92,130,35.176,-5.43,0.546,5,2,1e+20,1e+20,1e+20,822,1.53,0.25,0.3,10.18,2.01,6,4,,35.17599868774414,-5.429999828338623
xxl,IX/52/xxl365gc,IX/52/xxl365gc,93,23,35.188,-3.433,0.328,4,1,36.17,3.16,3.43,646,2.05,0.13,0.14,17.38,1.12,34,3,+l,35.1879997253418,-3.433000087738037
xxl,IX/52/xxl365gc,IX/52/xxl365gc,94,184,35.311,-4.204,0.811,3,2,1e+20,1e+20,1e+20,16959,1e+20,1e+20,1e+20,1e+20,1e+20,3,2,,35.31100082397461,-4.203999996185303
xxl,IX/52/xxl365gc,IX/52/xxl365gc,95,6,35.439,-3.772,0.429,16,1,140.57,0.76,0.74,916,4.24,0.61,0.45,185.38,15.03,185,8,+l,35.43899917602539,-3.7720000743865967
xxl,IX/52/xxl365gc,IX/52/xxl365gc,96,61,35.485,-5.758,0.259,10,1,52.82,2.46,2.72,648,1.93,0.29,0.22,13.3,1.61,37,4,+l,35.48500061035156,-5.757999897003174
xxl,IX/52/xxl365gc,IX/52/xxl365gc,97,40,35.523,-4.547,0.32,16,1,34.18,1.42,1.53,631,1.95,0.26,0.24,6.39,0.84,14,2,+l,35.52299880981445,-4.546999931335449
xxl,IX/52/xxl365gc,IX/52/xxl365gc,98,36,35.527,-3.054,0.492,3,1,108.97,2.72,2.58,798,3.53,0.53,0.43,100.72,9.64,94,5,+l,35.527000427246094,-3.053999900817871
xxl,IX/52/xxl365gc,IX/52/xxl365gc,99,47,35.544,-2.681,0.789,16,2,69.08,7.07,8.77,1061,2.87,0.77,0.56,46.99,7.33,12,3,+,35.54399871826172,-2.680999994277954
xxl,IX/52/xxl365gc,IX/52/xxl365gc,100,71,35.64,-4.967,0.833,5,2,57.55,5.54,5.57,895,2.18,0.13,0.15,58.04,3.9,12,3,+,35.63999938964844,-4.9670000076293945
xxl,IX/52/xxl365gc,IX/52/xxl365gc,101,48,35.722,-3.473,1.005,4,2,80.8,8.91,10.82,947,2.72,0.18,0.16,68.46,4.79,11,3,+,35.72200012207031,-3.4730000495910645
xxl,IX/52/xxl365gc,IX/52/xxl365gc,102,30,35.778,-4.216,0.631,16,2,24.44,4.63,4.78,16959,1e+20,1e+20,1e+20,1e+20,1e+20,6,2,+,35.77799987792969,-4.216000080108643
xxl,IX/52/xxl365gc,IX/52/xxl365gc,103,75,35.834,-5.454,0.211,10,1,14.59,1.93,2.37,16959,1e+20,1e+20,1e+20,1e+20,1e+20,13,2,l,35.83399963378906,-5.453999996185303
xxl,IX/52/xxl365gc,IX/52/xxl365gc,104,35,35.949,-2.858,0.174,5,1,26.18,1.91,2.65,534,1.26,0.08,0.08,3.79,0.25,22,3,+*l,35.94900131225586,-2.8580000400543213
xxl,IX/52/xxl365gc,IX/52/xxl365gc,105,28,35.984,-3.098,0.297,14,1,10.35,4.37,4.04,558,1.53,0.27,0.17,4.59,0.65,13,3,+l,35.98400115966797,-3.0980000495910645
xxl,IX/52/xxl365gc,IX/52/xxl365gc,106,49,35.988,-4.588,0.494,6,1,51.4,2.69,2.75,602,2.13,0.12,0.14,10.17,0.54,13,2,+l,35.987998962402344,-4.5879998207092285
xxl,IX/52/xxl365gc,IX/52/xxl365gc,107,32,36.002,-3.424,0.803,4,2,75.48,7.68,8.67,901,2.16,0.49,0.42,46.55,9.99,14,4,l,36.00199890136719,-3.4240000247955322
xxl,IX/52/xxl365gc,IX/52/xxl365gc,108,186,36.003,-5.864,0.515,6,2,1e+20,1e+20,1e+20,671,1.04,0.08,0.06,8.52,0.58,6,3,,36.00299835205078,-5.863999843597412
xxl,IX/52/xxl365gc,IX/52/xxl365gc,109,18,36.008,-5.091,0.324,9,1,18.65,1.73,1.78,580,1.68,0.24,0.16,4.71,0.64,12,2,+,36.007999420166016,-5.091000080108643
xxl,IX/52/xxl365gc,IX/52/xxl365gc,110,29,36.017,-4.225,1.05,6,1,125.66,2.72,2.37,545,3.17,0.64,0.48,191.6,20.55,32,3,+l,36.016998291015625,-4.224999904632568
xxl,IX/52/xxl365gc,IX/52/xxl365gc,111,128,36.048,-3.129,0.481,1,2,1e+20,1e+20,1e+20,776,1.32,0.21,0.19,12.77,2.13,9,4,F,36.04800033569336,-3.128999948501587
xxl,IX/52/xxl365gc,IX/52/xxl365gc,112,62,36.061,-2.721,0.059,4,1,9.88,1.03,0.96,429,0.77,0.12,0.08,1.09,0.14,50,7,+l,36.06100082397461,-2.7209999561309814
xxl,IX/52/xxl365gc,IX/52/xxl365gc,113,44,36.141,-4.236,0.263,19,1,31.62,0.87,1.07,499,1.21,0.11,0.14,3.5,0.47,14,2,+*l,36.14099884033203,-4.236000061035156
xxl,IX/52/xxl365gc,IX/52/xxl365gc,114,182,36.227,-3.478,0.174,1,2,1e+20,1e+20,1e+20,730,0.97,0.13,0.15,1.25,0.2,11,4,,36.22700119018555,-3.4779999256134033
xxl,IX/52/xxl365gc,IX/52/xxl365gc,115,21,36.233,-5.134,0.085,11,1,5.77,0.63,0.52,430,0.79,0.06,0.06,0.73,0.08,22,2,+l,36.233001708984375,-5.133999824523926
xxl,IX/52/xxl365gc,IX/52/xxl365gc,116,1,36.238,-3.817,0.614,17,1,125.05,4.95,3.72,763,3.69,0.21,0.25,94.98,5.65,64,4,+l,36.237998962402344,-3.816999912261963
xxl,IX/52/xxl365gc,IX/52/xxl365gc,117,140,36.303,-5.524,0.294,2,2,17.51,2.73,4.23,872,1.44,0.21,0.17,6.41,0.99,10,2,,36.303001403808594,-5.52400016784668
xxl,IX/52/xxl365gc,IX/52/xxl365gc,118,54,36.319,-5.887,0.054,29,1,23.6,0.73,0.94,632,1.54,0.09,0.08,3.32,0.22,78,7,+l,36.319000244140625,-5.88700008392334
xxl,IX/52/xxl365gc,IX/52/xxl365gc,119,8,36.336,-3.801,0.299,13,1,21.92,3.57,4.19,564,1.56,0.12,0.1,1.69,0.11,14,3,+l,36.33599853515625,-3.8010001182556152
xxl,IX/52/xxl365gc,IX/52/xxl365gc,120,25,36.353,-4.68,0.265,13,1,49.79,1.26,1.21,700,2.23,0.24,0.18,21.77,1.78,66,3,+l,36.35300064086914,-4.679999828338623
xxl,IX/52/xxl365gc,IX/52/xxl365gc,121,181,36.376,-3.817,0.371,2,2,1e+20,1e+20,1e+20,726,1.09,0.08,0.08,0.43,0.03,4,6,,36.375999450683594,-3.816999912261963
xxl,IX/52/xxl365gc,IX/52/xxl365gc,122,41,36.378,-4.239,0.142,16,1,41.04,0.98,1.04,636,1.68,0.22,0.08,11.72,1.02,125,7,+*l,36.37799835205078,-4.238999843597412
xxl,IX/52/xxl365gc,IX/52/xxl365gc,123,2,36.384,-3.92,0.771,9,1,75.1,6.04,6.48,560,2.5,0.18,0.19,69.11,4.37,25,3,+l,36.38399887084961,-3.9200000762939453
xxl,IX/52/xxl365gc,IX/52/xxl365gc,124,185,36.387,-5.539,0.566,3,2,1e+20,1e+20,1e+20,16959,1e+20,1e+20,1e+20,1e+20,1e+20,7,3,,36.387001037597656,-5.539000034332275
xxl,IX/52/xxl365gc,IX/52/xxl365gc,125,50,36.421,-3.189,0.14,16,1,77.78,1.71,1.77,891,3.07,0.26,0.25,27.24,1.32,98,4,+l,36.42100143432617,-3.188999891281128
xxl,IX/52/xxl365gc,IX/52/xxl365gc,126,55,36.454,-5.896,0.232,14,1,60.85,1.43,1.49,863,3.15,0.32,0.51,26.62,1.82,78,5,+l,36.45399856567383,-5.895999908447266
xxl,IX/52/xxl365gc,IX/52/xxl365gc,127,123,36.487,-5.643,0.194,8,1,24.3,2.51,3.07,16959,1e+20,1e+20,1e+20,1e+20,1e+20,17,4,l,36.48699951171875,-5.64300012588501
xxl,IX/52/xxl365gc,IX/52/xxl365gc,128,51,36.498,-2.825,0.279,8,1,9.94,2.68,2.31,523,1.34,0.09,0.09,4.57,0.28,14,2,+l,36.49800109863281,-2.825000047683716
xxl,IX/52/xxl365gc,IX/52/xxl365gc,129,11,36.54,-4.969,0.054,41,1,12.69,1.19,1.64,639,1.57,0.29,0.11,1.27,0.12,32,3,+l,36.540000915527344,-4.968999862670898
xxl,IX/52/xxl365gc,IX/52/xxl365gc,130,52,36.567,-2.666,0.056,3,1,3.99,0.83,0.74,385,0.63,0.04,0.03,1.32,0.1,90,5,+l,36.56700134277344,-2.6659998893737793
xxl,IX/52/xxl365gc,IX/52/xxl365gc,131,191,36.574,-5.078,0.054,31,1,15.92,0.56,0.62,481,0.94,0.05,0.06,1.12,0.1,39,4,l,36.57400131225586,-5.078000068664551
xxl,IX/52/xxl365gc,IX/52/xxl365gc,132,20,36.635,-5.001,0.494,4,2,1e+20,1e+20,1e+20,874,1.65,0.3,0.23,19.24,3.18,10,4,+,36.6349983215332,-5.000999927520752
xxl,IX/52/xxl365gc,IX/52/xxl365gc,133,9,36.685,-3.684,0.328,9,2,47.72,3.14,3.44,16959,1e+20,1e+20,1e+20,1e+20,1e+20,17,4,+l,36.685001373291016,-3.684000015258789
xxl,IX/52/xxl365gc,IX/52/xxl365gc,134,190,36.748,-4.589,0.07,11,1,12.81,0.94,1.25,512,1.07,0.07,0.07,1.07,0.06,25,3,l,36.74800109863281,-4.589000225067139
xxl,IX/52/xxl365gc,IX/52/xxl365gc,135,5,36.788,-4.301,1.058,4,1,68.57,6.72,6.84,429,2.08,0.32,0.29,51.79,7.47,9,2,+,36.78799819946289,-4.301000118255615
xxl,IX/52/xxl365gc,IX/52/xxl365gc,136,10,36.843,-3.362,0.33,6,1,52.22,0.95,0.99,698,2.36,0.35,0.24,24.9,2.74,46,4,+l,36.84299850463867,-3.361999988555908
xxl,IX/52/xxl365gc,IX/52/xxl365gc,137,127,36.85,-3.566,0.315,1,2,1e+20,1e+20,1e+20,671,0.91,0.14,0.15,3.24,0.52,5,3,F,36.849998474121094,-3.565999984741211
xxl,IX/52/xxl365gc,IX/52/xxl365gc,138,38,36.856,-4.19,0.584,4,2,1e+20,1e+20,1e+20,850,1.67,0.3,0.28,3.74,0.63,2,2,+,36.85599899291992,-4.190000057220459
xxl,IX/52/xxl365gc,IX/52/xxl365gc,139,13,36.858,-4.538,0.308,21,1,29.53,3.47,4.2,507,1.3,0.22,0.11,6.99,0.95,16,2,+l,36.858001708984375,-4.538000106811523
xxl,IX/52/xxl365gc,IX/52/xxl365gc,140,103,36.886,-5.961,0.233,8,1,54.6,2.45,2.71,764,2.53,0.4,0.34,11.02,1.28,43,5,+l,36.88600158691406,-5.960999965667725
xxl,IX/52/xxl365gc,IX/52/xxl365gc,141,3,36.909,-3.3,0.836,6,1,105.46,2.34,2.18,649,3.48,0.24,0.25,124.78,8.03,34,4,+l,36.909000396728516,-3.299999952316284
xxl,IX/52/xxl365gc,IX/52/xxl365gc,142,22,36.917,-4.858,0.293,18,1,51.27,1.46,1.51,646,1.98,0.13,0.12,29.68,1.72,74,3,+l,36.91699981689453,-4.857999801635742
xxl,IX/52/xxl365gc,IX/52/xxl365gc,143,27,37.012,-4.851,0.295,10,1,54.49,1.68,1.67,770,2.72,0.41,0.4,15.51,1.41,37,3,+l,37.012001037597656,-4.85099983215332
xxl,IX/52/xxl365gc,IX/52/xxl365gc,144,121,37.015,-5.297,0.317,6,2,24.32,3.64,5.37,1090,2.18,0.34,0.33,6.26,0.96,9,3,,37.01499938964844,-5.296999931335449
xxl,IX/52/xxl365gc,IX/52/xxl365gc,145,90,37.121,-4.857,0.141,11,1,14.49,2.17,2.37,500,1.09,0.12,0.07,4.25,0.46,45,4,+l,37.12099838256836,-4.85699987411499
xxl,IX/52/xxl365gc,IX/52/xxl365gc,146,89,37.127,-4.733,0.609,7,1,80.22,8.34,9.61,560,2.11,0.4,0.39,46.18,8.35,32,4,+l,37.12699890136719,-4.732999801635742
xxl,IX/52/xxl365gc,IX/52/xxl365gc,147,104,37.324,-5.895,0.294,6,1,51.5,2.62,2.77,16959,1e+20,1e+20,1e+20,1e+20,1e+20,46,4,+l,37.32400131225586,-5.894999980926514
xxl,IX/52/xxl365gc,IX/52/xxl365gc,148,168,37.387,-5.88,0.295,9,1,82.54,2.04,1.95,677,2.16,0.36,0.31,19.16,1.98,34,4,l,37.387001037597656,-5.880000114440918
xxl,IX/52/xxl365gc,IX/52/xxl365gc,149,145,37.388,-4.666,0.627,8,2,51.27,6.42,6.67,16959,1e+20,1e+20,1e+20,1e+20,1e+20,15,3,l,37.38800048828125,-4.665999889373779
xxl,IX/52/xxl365gc,IX/52/xxl365gc,150,146,37.462,-4.15,0.254,7,1,12.12,3.56,4.23,633,1.84,0.26,0.28,3.12,0.46,10,2,,37.46200180053711,-4.150000095367432
xxl,IX/52/xxl365gc,IX/52/xxl365gc,151,169,37.538,-5.679,0.498,6,1,75.24,3.43,3.56,933,4.7,0.98,1.05,44.25,7.12,29,5,l,37.53799819946289,-5.678999900817871
xxl,IX/52/xxl365gc,IX/52/xxl365gc,152,88,37.611,-4.581,0.295,7,1,57.47,2.34,2.48,632,1.91,0.27,0.24,13.21,1.91,35,4,+l,37.611000061035156,-4.580999851226807
xxl,IX/52/xxl365gc,IX/52/xxl365gc,153,149,37.634,-4.989,0.292,9,2,39.72,3.68,4.2,16959,1e+20,1e+20,1e+20,1e+20,1e+20,22,3,*l,37.63399887084961,-4.988999843597412
xxl,IX/52/xxl365gc,IX/52/xxl365gc,154,147,37.641,-4.625,0.031,4,2,0.15,0.35,0.05,16959,1e+20,1e+20,1e+20,1e+20,1e+20,22,4,lF,37.64099884033203,-4.625
xxl,IX/52/xxl365gc,IX/52/xxl365gc,155,150,37.661,-4.992,0.292,9,1,46.53,3.03,3.59,653,2.02,0.4,0.29,12.35,1.8,28,4,*l,37.6609992980957,-4.992000102996826
xxl,IX/52/xxl365gc,IX/52/xxl365gc,156,148,37.719,-4.859,0.294,3,2,4.61,5.6,3.7,784,1.19,0.06,0.08,6.02,0.39,23,6,l,37.71900177001953,-4.859000205993652
xxl,IX/52/xxl365gc,IX/52/xxl365gc,157,87,37.72,-4.348,0.141,5,1,33.55,1.73,2.03,622,1.61,0.12,0.11,12.69,1.1,122,6,+l,37.720001220703125,-4.3480000495910645
xxl,IX/52/xxl365gc,IX/52/xxl365gc,158,91,37.926,-4.881,0.186,41,1,148.27,0.92,0.87,1162,5.15,0.31,0.31,131.43,3.89,386,8,+l,37.92599868774414,-4.88100004196167
xxl,IX/52/xxl365gc,IX/52/xxl365gc,159,170,37.998,-5.737,0.403,3,2,32.97,5.28,5.73,931,1.74,0.3,0.22,15.96,2.67,19,3,l,37.99800109863281,-5.736999988555908
xxl,IX/52/xxl365gc,IX/52/xxl365gc,160,152,38.082,-4.817,0.205,7,2,3.59,1.98,1.34,652,0.81,0.16,0.15,1.89,0.32,10,3,,38.082000732421875,-4.816999912261963
xxl,IX/52/xxl365gc,IX/52/xxl365gc,161,151,38.122,-4.788,0.189,6,1,13.83,2.79,2.84,658,1.86,0.27,0.3,6.62,0.76,28,3,*l,38.12200164794922,-4.788000106811523
xxl,IX/52/xxl365gc,IX/52/xxl365gc,162,105,38.411,-5.506,0.432,7,1,130.07,2.95,2.85,1110,6.01,0.79,0.91,142.2,13.55,129,7,+l,38.4109992980957,-5.50600004196167
xxl,IX/52/xxl365gc,IX/52/xxl365gc,163,153,38.49,-5.139,0.88,8,2,1e+20,1e+20,1e+20,16959,1e+20,1e+20,1e+20,1e+20,1e+20,11,4,,38.4900016784668,-5.138999938964844
xxl,IX/52/xxl365gc,IX/52/xxl365gc,164,154,38.502,-4.826,0.179,8,1,14.97,4.41,5.24,511,1.17,0.06,0.08,2.43,0.14,22,4,l,38.50199890136719,-4.826000213623047
xxl,IX/52/xxl365gc,IX/52/xxl365gc,165,553,348.341,-53.741,0.046,3,1,2.63,1.34,1.2,421,0.74,0.06,0.06,0.32,0.03,16,3,l,348.34100341796875,-53.74100112915039
xxl,IX/52/xxl365gc,IX/52/xxl365gc,166,502,348.442,-53.438,0.141,6,1,27.37,1.56,1.59,521,1.17,0.06,0.08,5.98,0.56,65,4,+l,348.4419860839844,-53.4379997253418
xxl,IX/52/xxl365gc,IX/52/xxl365gc,167,642,348.529,-54.802,0.316,1,2,10.85,4.59,3.45,686,0.95,0.2,0.15,0.99,0.19,11,3,,348.52899169921875,-54.801998138427734
xxl,IX/52/xxl365gc,IX/52/xxl365gc,168,554,348.719,-53.626,0.203,3,2,3.22,2.42,1.55,16959,1e+20,1e+20,1e+20,1e+20,1e+20,12,3,F,348.718994140625,-53.625999450683594
xxl,IX/52/xxl365gc,IX/52/xxl365gc,169,530,348.833,-54.345,0.204,6,1,40.04,1.84,2.05,615,1.67,0.26,0.14,9.04,0.95,45,4,+l,348.8330078125,-54.345001220703125
xxl,IX/52/xxl365gc,IX/52/xxl365gc,170,501,348.873,-53.063,0.333,7,1,65.16,2.33,2.51,814,3.12,0.43,0.44,29.9,3.74,60,5,+l,348.87298583984375,-53.0629997253418
xxl,IX/52/xxl365gc,IX/52/xxl365gc,171,640,348.945,-54.962,0.684,3,2,38.15,9.0,11.95,810,1.64,0.29,0.29,38.01,6.37,9,3,,348.94500732421875,-54.96200180053711
xxl,IX/52/xxl365gc,IX/52/xxl365gc,172,636,349.021,-55.594,0.201,1,1,56.52,2.58,3.11,16959,1e+20,1e+20,1e+20,1e+20,1e+20,100,14,l,349.02099609375,-55.59400177001953
xxl,IX/52/xxl365gc,IX/52/xxl365gc,173,593,349.067,-54.249,0.335,3,1,15.33,5.25,6.21,717,2.49,0.44,0.4,9.27,1.3,16,2,l,349.0669860839844,-54.249000549316406
xxl,IX/52/xxl365gc,IX/52/xxl365gc,174,615,349.091,-54.878,0.567,4,2,1e+20,1e+20,1e+20,16959,1e+20,1e+20,1e+20,1e+20,1e+20,7,4,,349.09100341796875,-54.87799835205078
xxl,IX/52/xxl365gc,IX/52/xxl365gc,175,616,349.122,-55.759,0.49,1,2,54.42,5.81,8.36,1791,5.97,1.11,1.12,50.65,8.88,28,5,l,349.12200927734375,-55.75899887084961
xxl,IX/52/xxl365gc,IX/52/xxl365gc,176,594,349.155,-56.236,0.232,2,1,10.22,4.75,4.28,527,1.3,0.18,0.12,3.1,0.44,18,3,l,349.1549987792969,-56.236000061035156
xxl,IX/52/xxl365gc,IX/52/xxl365gc,177,513,349.221,-54.902,0.378,5,1,109.31,2.47,2.37,998,4.7,0.57,0.75,72.35,6.44,112,7,+l,349.22100830078125,-54.902000427246094
xxl,IX/52/xxl365gc,IX/52/xxl365gc,178,556,349.264,-53.004,0.489,6,1,63.31,4.24,4.38,789,3.45,0.78,0.68,29.06,4.32,24,3,l,349.2640075683594,-53.00400161743164
xxl,IX/52/xxl365gc,IX/52/xxl365gc,179,525,349.339,-53.962,0.379,2,1,96.41,2.73,3.49,788,3.08,0.35,0.35,69.68,4.9,105,4,+,349.3389892578125,-53.96200180053711
xxl,IX/52/xxl365gc,IX/52/xxl365gc,180,555,349.341,-52.916,0.36,2,2,1e+20,1e+20,1e+20,16959,1e+20,1e+20,1e+20,1e+20,1e+20,7,7,,349.34100341796875,-52.91600036621094
xxl,IX/52/xxl365gc,IX/52/xxl365gc,181,560,349.42,-52.739,0.79,2,2,1e+20,1e+20,1e+20,828,1.84,0.12,0.13,27.86,1.78,7,4,F,349.4200134277344,-52.73899841308594
xxl,IX/52/xxl365gc,IX/52/xxl365gc,182,557,349.453,-53.264,0.274,2,2,16.17,5.65,5.75,708,0.98,0.17,0.15,5.45,0.91,18,4,l,349.4530029296875,-53.263999938964844
xxl,IX/52/xxl365gc,IX/52/xxl365gc,183,558,349.508,-52.785,0.455,4,2,58.96,3.15,3.23,897,1.68,0.35,0.25,21.09,3.34,20,4,l,349.50799560546875,-52.78499984741211
xxl,IX/52/xxl365gc,IX/52/xxl365gc,184,527,349.57,-55.984,0.076,5,2,4.78,2.73,1.7,1295,2.57,0.3,0.38,5.2,0.57,48,7,+l,349.57000732421875,-55.98400115966797
xxl,IX/52/xxl365gc,IX/52/xxl365gc,185,592,349.594,-55.833,0.237,2,1,25.66,2.45,2.49,595,1.62,0.3,0.19,5.97,0.85,28,3,l,349.593994140625,-55.83300018310547
xxl,IX/52/xxl365gc,IX/52/xxl365gc,186,559,349.615,-52.831,0.456,2,2,1e+20,1e+20,1e+20,976,1.96,0.35,0.28,12.42,1.98,10,4,,349.614990234375,-52.83100128173828
xxl,IX/52/xxl365gc,IX/52/xxl365gc,187,528,349.682,-56.204,0.302,7,1,53.2,1.8,1.65,823,3.09,0.5,0.49,20.42,2.15,43,3,+l,349.6820068359375,-56.20399856567383
xxl,IX/52/xxl365gc,IX/52/xxl365gc,188,529,349.699,-56.287,0.547,8,1,89.84,3.24,3.21,760,3.42,0.55,0.53,65.76,7.91,50,3,+l,349.6990051269531,-56.2869987487793
xxl,IX/52/xxl365gc,IX/52/xxl365gc,189,579,349.76,-55.389,0.076,4,2,0.64,0.76,0.32,679,0.81,0.08,0.06,0.54,0.05,9,3,,349.760009765625,-55.388999938964844
xxl,IX/52/xxl365gc,IX/52/xxl365gc,190,526,349.802,-54.087,0.276,6,2,93.82,1.54,1.51,16959,1e+20,1e+20,1e+20,1e+20,1e+20,153,31,+l,349.802001953125,-54.08700180053711
xxl,IX/52/xxl365gc,IX/52/xxl365gc,191,544,349.816,-53.534,0.096,19,1,31.0,1.07,1.1,746,2.15,0.2,0.16,8.55,0.52,105,4,+l,349.8160095214844,-53.534000396728516
xxl,IX/52/xxl365gc,IX/52/xxl365gc,192,518,349.822,-55.325,0.177,8,1,23.3,2.13,2.23,531,1.25,0.06,0.08,6.63,0.61,63,4,+l,349.8219909667969,-55.32500076293945
xxl,IX/52/xxl365gc,IX/52/xxl365gc,193,617,349.871,-56.283,0.303,4,2,1e+20,1e+20,1e+20,16959,1e+20,1e+20,1e+20,1e+20,1e+20,8,3,,349.8710021972656,-56.28300094604492
xxl,IX/52/xxl365gc,IX/52/xxl365gc,194,531,349.876,-56.649,0.39,10,1,52.74,4.55,4.91,832,3.43,0.63,0.49,25.57,3.95,36,4,+l,349.8760070800781,-56.64899826049805
xxl,IX/52/xxl365gc,IX/52/xxl365gc,195,587,349.935,-54.64,0.525,1,1,29.62,6.85,6.26,728,3.1,0.43,0.43,27.02,3.29,18,2,l,349.93499755859375,-54.63999938964844
xxl,IX/52/xxl365gc,IX/52/xxl365gc,196,578,349.974,-55.287,0.358,1,2,1e+20,1e+20,1e+20,16959,1e+20,1e+20,1e+20,1e+20,1e+20,1,4,,349.9739990234375,-55.2869987487793
xxl,IX/52/xxl365gc,IX/52/xxl365gc,197,591,350.099,-53.085,0.275,3,2,1e+20,1e+20,1e+20,509,0.54,0.1,0.09,1.38,0.24,8,3,,350.0989990234375,-53.084999084472656
xxl,IX/52/xxl365gc,IX/52/xxl365gc,198,534,350.105,-53.359,0.852,4,1,104.85,11.94,12.5,734,4.42,0.74,0.81,177.61,26.7,35,4,+l,350.1050109863281,-53.35900115966797
xxl,IX/52/xxl365gc,IX/52/xxl365gc,199,575,350.433,-56.23,0.818,1,2,1e+20,1e+20,1e+20,16959,1e+20,1e+20,1e+20,1e+20,1e+20,7,3,,350.4330139160156,-56.22999954223633
xxl,IX/52/xxl365gc,IX/52/xxl365gc,200,517,350.449,-55.971,0.699,3,1,87.05,7.35,7.8,648,3.01,0.64,0.51,58.78,9.02,41,5,+l,350.4490051269531,-55.97100067138672
xxl,IX/52/xxl365gc,IX/52/xxl365gc,201,523,350.503,-54.75,0.342,8,1,68.74,3.17,3.69,806,3.09,0.52,0.45,28.13,3.28,50,5,+l,350.50299072265625,-54.75
xxl,IX/52/xxl365gc,IX/52/xxl365gc,202,576,350.542,-56.312,0.702,1,2,66.82,13.32,20.09,1735,6.53,1.22,1.45,84.99,15.0,28,5,lF,350.5419921875,-56.3120002746582
xxl,IX/52/xxl365gc,IX/52/xxl365gc,203,584,350.542,-55.419,0.348,3,1,22.9,4.29,4.49,696,2.39,0.42,0.37,6.03,0.91,16,3,l,350.5419921875,-55.41899871826172
xxl,IX/52/xxl365gc,IX/52/xxl365gc,204,503,350.646,-52.747,0.336,3,1,58.94,3.22,3.66,593,1.77,0.25,0.22,25.71,3.02,49,5,+l,350.64599609375,-52.74700164794922
xxl,IX/52/xxl365gc,IX/52/xxl365gc,205,545,350.692,-53.388,0.353,7,2,52.44,5.78,5.68,955,1.76,0.41,0.29,17.51,3.11,31,5,+l,350.6919860839844,-53.38800048828125
xxl,IX/52/xxl365gc,IX/52/xxl365gc,206,598,350.711,-52.826,0.444,4,1,46.49,4.68,5.11,826,3.58,0.6,0.51,21.91,3.28,23,4,l,350.71099853515625,-52.82600021362305
xxl,IX/52/xxl365gc,IX/52/xxl365gc,207,597,350.765,-52.725,0.152,4,2,1.05,0.98,0.47,546,0.57,0.05,0.11,0.63,0.09,10,3,F,350.7650146484375,-52.724998474121094
xxl,IX/52/xxl365gc,IX/52/xxl365gc,208,580,351.016,-55.023,0.606,2,2,29.9,8.69,10.52,1464,4.5,0.9,1.02,41.81,7.68,11,3,,351.0159912109375,-55.02299880981445
xxl,IX/52/xxl365gc,IX/52/xxl365gc,209,612,351.203,-55.4,0.275,8,2,1e+20,1e+20,1e+20,938,1.62,0.29,0.27,1.99,0.4,6,3,,351.2030029296875,-55.400001525878906
xxl,IX/52/xxl365gc,IX/52/xxl365gc,210,577,351.386,-55.74,0.207,4,1,3.5,1.98,1.37,440,0.92,0.12,0.12,2.55,0.4,12,3,,351.385986328125,-55.7400016784668
xxl,IX/52/xxl365gc,IX/52/xxl365gc,211,514,351.396,-54.722,0.169,12,1,41.12,1.52,2.11,563,1.38,0.19,0.12,4.78,0.65,40,4,+*l,351.39599609375,-54.72200012207031
xxl,IX/52/xxl365gc,IX/52/xxl365gc,212,515,351.416,-54.741,0.101,18,1,28.64,0.88,0.92,523,1.14,0.08,0.1,3.53,0.37,58,4,+*l,351.4159851074219,-54.74100112915039
xxl,IX/52/xxl365gc,IX/52/xxl365gc,213,627,351.421,-53.193,0.171,3,2,1e+20,1e+20,1e+20,16959,1e+20,1e+20,1e+20,1e+20,1e+20,8,3,,351.4209899902344,-53.19300079345703
xxl,IX/52/xxl365gc,IX/52/xxl365gc,214,547,351.427,-53.277,0.371,6,1,74.55,4.09,4.66,881,3.72,0.85,0.66,40.79,4.55,53,6,+l,351.427001953125,-53.277000427246094
xxl,IX/52/xxl365gc,IX/52/xxl365gc,215,611,351.457,-55.381,0.609,2,2,24.5,13.41,24.37,16959,1e+20,1e+20,1e+20,1e+20,1e+20,9,3,,351.4570007324219,-55.38100051879883
xxl,IX/52/xxl365gc,IX/52/xxl365gc,216,535,351.554,-53.317,0.172,16,1,54.68,2.13,2.02,704,2.07,0.19,0.2,21.17,1.78,116,6,+l,351.5539855957031,-53.31700134277344
xxl,IX/52/xxl365gc,IX/52/xxl365gc,217,536,351.557,-53.374,0.169,10,1,33.2,3.32,3.9,645,1.76,0.28,0.17,4.79,0.5,63,5,+l,351.5570068359375,-53.374000549316406
xxl,IX/52/xxl365gc,IX/52/xxl365gc,218,618,351.638,-56.518,0.169,6,1,8.2,2.07,2.12,481,1.04,0.06,0.07,2.63,0.16,25,3,l,351.63800048828125,-56.518001556396484
xxl,IX/52/xxl365gc,IX/52/xxl365gc,219,522,351.638,-55.022,0.395,3,1,50.16,3.01,3.01,672,2.35,0.31,0.24,27.29,2.91,36,2,+l,351.63800048828125,-55.02199935913086
xxl,IX/52/xxl365gc,IX/52/xxl365gc,220,595,351.691,-53.812,0.213,3,1,22.39,2.25,4.21,451,0.96,0.08,0.08,3.95,0.46,25,2,l,351.6910095214844,-53.8120002746582
xxl,IX/52/xxl365gc,IX/52/xxl365gc,221,533,351.712,-52.694,0.107,3,1,54.7,0.89,0.84,746,2.17,0.19,0.07,21.43,0.9,181,6,+l,351.7120056152344,-52.694000244140625
xxl,IX/52/xxl365gc,IX/52/xxl365gc,222,586,351.848,-55.066,0.209,6,1,20.46,2.44,3.38,567,1.45,0.17,0.19,4.61,0.58,28,3,l,351.8479919433594,-55.066001892089844
xxl,IX/52/xxl365gc,IX/52/xxl365gc,223,504,351.93,-52.425,0.351,2,1,29.2,14.23,6.83,16959,1e+20,1e+20,1e+20,1e+20,1e+20,51,7,+l,351.92999267578125,-52.42499923706055
xxl,IX/52/xxl365gc,IX/52/xxl365gc,224,635,352.038,-53.418,0.172,2,2,1e+20,1e+20,1e+20,1140,2.16,0.32,0.31,1.63,0.25,8,3,,352.0379943847656,-53.417999267578125
xxl,IX/52/xxl365gc,IX/52/xxl365gc,225,583,352.04,-55.838,0.8,3,1,70.44,7.85,8.26,797,4.85,0.93,0.85,87.67,12.59,22,3,l,352.0400085449219,-55.8380012512207
xxl,IX/52/xxl365gc,IX/52/xxl365gc,226,621,352.145,-53.821,0.87,1,1,80.17,8.1,7.92,519,2.41,0.45,0.42,84.06,12.98,19,3,l,352.1449890136719,-53.82099914550781
xxl,IX/52/xxl365gc,IX/52/xxl365gc,227,521,352.179,-55.567,0.807,1,1,156.42,8.5,8.41,701,3.88,0.58,0.63,183.68,25.08,67,5,+l,352.1789855957031,-55.56700134277344
xxl,IX/52/xxl365gc,IX/52/xxl365gc,228,550,352.206,-52.577,0.108,7,1,21.06,1.36,1.51,16959,1e+20,1e+20,1e+20,1e+20,1e+20,88,11,l,352.20599365234375,-52.57699966430664
xxl,IX/52/xxl365gc,IX/52/xxl365gc,229,622,352.241,-53.665,0.276,9,2,1e+20,1e+20,1e+20,898,1.5,0.31,0.17,11.36,1.83,20,9,l,352.2409973144531,-53.665000915527344
xxl,IX/52/xxl365gc,IX/52/xxl365gc,230,590,352.25,-54.246,0.101,10,2,1.98,1.29,1.06,571,0.6,0.07,0.06,0.76,0.1,11,3,,352.25,-54.24599838256836
xxl,IX/52/xxl365gc,IX/52/xxl365gc,231,505,352.25,-52.238,0.055,3,1,18.67,1.01,1.01,649,1.62,0.11,0.1,4.21,0.34,192,10,+l,352.25,-52.237998962402344
xxl,IX/52/xxl365gc,IX/52/xxl365gc,232,506,352.315,-52.497,0.717,6,1,87.47,6.58,6.89,534,2.17,0.44,0.39,90.1,17.36,30,6,+l,352.31500244140625,-52.49700164794922
xxl,IX/52/xxl365gc,IX/52/xxl365gc,233,581,352.416,-54.789,0.138,3,1,3.65,1.73,1.1,394,0.71,0.08,0.09,1.64,0.19,21,4,lF,352.4159851074219,-54.78900146484375
xxl,IX/52/xxl365gc,IX/52/xxl365gc,234,546,352.416,-53.249,0.792,2,1,85.83,6.17,5.71,602,2.91,0.45,0.5,105.43,13.12,37,3,+l,352.4159851074219,-53.249000549316406
xxl,IX/52/xxl365gc,IX/52/xxl365gc,235,512,352.484,-56.136,0.403,4,1,61.71,2.28,2.23,791,3.18,0.44,0.48,25.74,2.59,32,2,+l,352.4840087890625,-56.13600158691406
xxl,IX/52/xxl365gc,IX/52/xxl365gc,236,520,352.502,-54.619,0.175,9,1,43.14,1.49,1.36,755,2.35,0.23,0.19,20.87,1.09,127,4,+lF,352.50201416015625,-54.61899948120117
xxl,IX/52/xxl365gc,IX/52/xxl365gc,237,574,352.513,-54.243,0.386,2,2,43.66,3.73,4.34,16959,1e+20,1e+20,1e+20,1e+20,1e+20,15,3,l,352.51300048828125,-54.24300003051758
xxl,IX/52/xxl365gc,IX/52/xxl365gc,238,619,352.529,-56.611,0.49,3,2,21.53,10.38,14.8,974,2.0,0.47,0.38,12.86,3.06,16,4,l,352.52899169921875,-56.611000061035156
xxl,IX/52/xxl365gc,IX/52/xxl365gc,239,626,352.606,-53.001,0.527,1,2,45.3,5.83,6.63,836,1.56,0.32,0.24,18.58,3.77,15,3,l,352.6059875488281,-53.000999450683594
xxl,IX/52/xxl365gc,IX/52/xxl365gc,240,582,352.61,-54.784,0.406,2,2,1e+20,1e+20,1e+20,16959,1e+20,1e+20,1e+20,1e+20,1e+20,6,5,F,352.6099853515625,-54.784000396728516
xxl,IX/52/xxl365gc,IX/52/xxl365gc,241,623,352.641,-53.543,0.171,9,1,20.9,1.67,1.92,560,1.37,0.21,0.09,3.14,0.45,13,3,l,352.6409912109375,-53.542999267578125
xxl,IX/52/xxl365gc,IX/52/xxl365gc,242,588,352.659,-55.727,0.273,2,1,39.65,2.78,3.08,654,1.99,0.28,0.25,5.86,0.95,21,3,l,352.65899658203125,-55.72700119018555
xxl,IX/52/xxl365gc,IX/52/xxl365gc,243,596,352.678,-53.057,0.678,1,1,62.93,7.95,8.92,649,2.95,0.57,0.48,82.05,12.44,24,3,l,352.6780090332031,-53.05699920654297
xxl,IX/52/xxl365gc,IX/52/xxl365gc,244,620,352.871,-56.468,0.173,6,2,2.73,2.29,1.06,692,0.88,0.05,0.05,2.07,0.13,9,2,,352.8710021972656,-56.46799850463867
xxl,IX/52/xxl365gc,IX/52/xxl365gc,245,625,352.88,-53.185,0.334,4,1,33.61,3.32,3.58,16959,1e+20,1e+20,1e+20,1e+20,1e+20,14,3,l,352.8800048828125,-53.185001373291016
xxl,IX/52/xxl365gc,IX/52/xxl365gc,246,532,352.948,-52.669,0.392,7,1,65.38,2.47,2.57,746,2.83,0.51,0.5,29.41,3.74,49,3,+l,352.947998046875,-52.66899871826172
xxl,IX/52/xxl365gc,IX/52/xxl365gc,247,624,352.965,-53.113,0.382,5,2,32.22,3.62,4.43,763,1.2,0.24,0.22,5.37,1.1,11,2,,352.9649963378906,-53.112998962402344
xxl,IX/52/xxl365gc,IX/52/xxl365gc,248,519,353.019,-55.212,0.27,3,1,36.66,3.66,4.83,526,1.34,0.19,0.12,10.51,1.46,41,5,+l,353.0190124511719,-55.21200180053711
xxl,IX/52/xxl365gc,IX/52/xxl365gc,249,524,353.067,-54.702,0.27,8,1,45.72,2.94,3.35,717,2.34,0.32,0.31,12.78,1.32,34,3,+l,353.0669860839844,-54.70199966430664
xxl,IX/52/xxl365gc,IX/52/xxl365gc,250,610,353.104,-56.045,0.275,6,1,22.86,3.33,3.88,507,1.26,0.19,0.14,3.93,0.56,22,3,l,353.10400390625,-56.04499816894531
xxl,IX/52/xxl365gc,IX/52/xxl365gc,251,589,353.109,-55.784,0.066,2,2,3.61,3.86,2.63,16959,1e+20,1e+20,1e+20,1e+20,1e+20,13,4,l,353.1090087890625,-55.784000396728516
xxl,IX/52/xxl365gc,IX/52/xxl365gc,252,542,353.113,-53.976,0.4,4,1,234.92,1.84,1.76,1228,6.97,0.74,0.55,494.67,21.07,468,9,+l,353.1130065917969,-53.97600173950195
xxl,IX/52/xxl365gc,IX/52/xxl365gc,253,561,353.138,-52.338,0.455,4,2,67.4,4.96,5.06,993,2.02,0.33,0.32,24.84,4.91,29,5,l,353.13800048828125,-52.3380012512207
xxl,IX/52/xxl365gc,IX/52/xxl365gc,254,507,353.374,-52.252,0.566,6,1,90.9,5.69,6.03,564,2.04,0.44,0.29,38.8,5.52,39,5,+l,353.3739929199219,-52.25199890136719
xxl,IX/52/xxl365gc,IX/52/xxl365gc,255,608,353.384,-54.012,0.212,9,1,17.49,3.55,3.62,16959,1e+20,1e+20,1e+20,1e+20,1e+20,30,5,l,353.3840026855469,-54.012001037597656
xxl,IX/52/xxl365gc,IX/52/xxl365gc,256,571,353.442,-55.64,0.726,1,2,75.91,6.21,8.45,1107,2.96,0.48,0.45,48.47,7.63,17,3,l,353.4419860839844,-55.63999938964844
xxl,IX/52/xxl365gc,IX/52/xxl365gc,257,641,353.503,-52.581,0.455,1,2,1e+20,1e+20,1e+20,16959,1e+20,1e+20,1e+20,1e+20,1e+20,4,3,,353.50299072265625,-52.58100128173828
xxl,IX/52/xxl365gc,IX/52/xxl365gc,258,549,353.515,-53.141,0.808,3,1,104.04,4.4,4.63,659,3.48,0.7,0.62,96.31,16.17,33,4,+l,353.5150146484375,-53.14099884033203
xxl,IX/52/xxl365gc,IX/52/xxl365gc,259,572,353.524,-55.785,0.727,1,2,1e+20,1e+20,1e+20,1201,3.43,0.62,0.6,21.06,3.55,7,4,,353.52398681640625,-55.78499984741211
xxl,IX/52/xxl365gc,IX/52/xxl365gc,260,614,353.587,-54.178,0.322,5,2,46.52,4.0,4.14,1577,4.25,0.23,0.28,11.99,0.77,17,4,l,353.5870056152344,-54.178001403808594
xxl,IX/52/xxl365gc,IX/52/xxl365gc,261,573,353.623,-54.608,0.384,2,1,41.34,2.96,3.17,16959,1e+20,1e+20,1e+20,1e+20,1e+20,20,3,l,353.62298583984375,-54.608001708984375
xxl,IX/52/xxl365gc,IX/52/xxl365gc,262,585,353.696,-55.274,0.324,4,1,34.33,4.0,5.06,483,1.21,0.11,0.16,4.91,0.69,21,3,l,353.6960144042969,-55.27399826049805
xxl,IX/52/xxl365gc,IX/52/xxl365gc,263,629,353.928,-54.349,0.173,4,1,1.41,1.26,0.79,16959,1e+20,1e+20,1e+20,1e+20,1e+20,12,3,F,353.9280090332031,-54.3489990234375
xxl,IX/52/xxl365gc,IX/52/xxl365gc,264,628,353.947,-53.876,0.515,2,2,36.98,8.03,10.52,16959,1e+20,1e+20,1e+20,1e+20,1e+20,11,3,,353.9469909667969,-53.875999450683594
xxl,IX/52/xxl365gc,IX/52/xxl365gc,265,537,354.029,-53.876,0.515,12,1,93.42,4.26,4.74,706,2.9,0.4,0.37,69.24,8.69,55,4,+l,354.02899169921875,-53.875999450683594
xxl,IX/52/xxl365gc,IX/52/xxl365gc,266,562,354.153,-52.738,0.536,4,1,72.19,4.92,5.08,699,2.91,0.74,0.67,26.78,4.28,28,5,l,354.15301513671875,-52.737998962402344
xxl,IX/52/xxl365gc,IX/52/xxl365gc,267,548,354.193,-53.793,0.323,4,1,43.14,4.67,4.95,558,1.57,0.3,0.2,6.19,0.83,31,4,+l,354.1929931640625,-53.792999267578125
xxl,IX/52/xxl365gc,IX/52/xxl365gc,268,632,354.207,-53.96,0.322,4,1,18.73,4.11,4.5,16959,1e+20,1e+20,1e+20,1e+20,1e+20,13,3,l,354.2070007324219,-53.959999084472656
xxl,IX/52/xxl365gc,IX/52/xxl365gc,269,639,354.262,-56.082,0.466,1,2,47.56,3.1,3.28,790,1.35,0.34,0.06,20.46,3.22,18,3,l,354.2619934082031,-56.082000732421875
xxl,IX/52/xxl365gc,IX/52/xxl365gc,270,638,354.365,-56.07,0.7,1,2,1e+20,1e+20,1e+20,16959,1e+20,1e+20,1e+20,1e+20,1e+20,7,3,,354.364990234375,-56.06999969482422
xxl,IX/52/xxl365gc,IX/52/xxl365gc,271,599,354.424,-53.136,0.315,3,1,32.53,2.62,2.84,543,1.48,0.2,0.14,10.77,1.55,24,3,l,354.42401123046875,-53.13600158691406
xxl,IX/52/xxl365gc,IX/52/xxl365gc,272,609,354.575,-55.66,0.465,2,2,57.72,3.53,3.79,16959,1e+20,1e+20,1e+20,1e+20,1e+20,23,3,l,354.57501220703125,-55.65999984741211
xxl,IX/52/xxl365gc,IX/52/xxl365gc,273,538,354.646,-54.623,0.332,4,1,46.85,2.87,3.21,638,2.01,0.29,0.26,13.71,1.6,34,3,+l,354.64599609375,-54.62300109863281
xxl,IX/52/xxl365gc,IX/52/xxl365gc,274,543,354.863,-55.843,0.384,3,1,60.63,1.87,2.41,663,2.27,0.45,0.31,12.78,1.7,34,4,+l,354.8630065917969,-55.84299850463867
xxl,IX/52/xxl365gc,IX/52/xxl365gc,275,631,354.969,-54.082,0.387,3,2,20.04,6.44,6.46,16959,1e+20,1e+20,1e+20,1e+20,1e+20,16,4,l,354.968994140625,-54.082000732421875
xxl,IX/52/xxl365gc,IX/52/xxl365gc,276,604,354.976,-56.254,0.381,1,1,20.39,5.03,5.76,589,1.83,0.35,0.32,8.04,1.31,14,3,lF,354.97601318359375,-56.25400161743164
xxl,IX/52/xxl365gc,IX/52/xxl365gc,277,600,355.112,-53.912,0.168,5,1,9.75,3.78,5.21,16959,1e+20,1e+20,1e+20,1e+20,1e+20,12,3,,355.11199951171875,-53.9119987487793
xxl,IX/52/xxl365gc,IX/52/xxl365gc,278,601,355.227,-55.715,0.169,4,2,12.87,2.05,2.31,751,1.02,0.13,0.1,2.27,0.31,22,4,l,355.22698974609375,-55.71500015258789
xxl,IX/52/xxl365gc,IX/52/xxl365gc,279,606,355.334,-56.066,0.425,2,2,21.4,7.19,8.38,1346,3.42,0.73,0.71,10.45,2.06,12,3,,355.3340148925781,-56.066001892089844
xxl,IX/52/xxl365gc,IX/52/xxl365gc,280,541,355.431,-55.965,0.187,11,1,52.82,2.16,1.99,771,2.47,0.22,0.29,14.68,1.33,68,4,+l,355.4309997558594,-55.96500015258789
xxl,IX/52/xxl365gc,IX/52/xxl365gc,281,551,355.444,-56.675,0.475,4,1,70.39,4.42,4.73,16959,1e+20,1e+20,1e+20,1e+20,1e+20,47,6,l,355.4440002441406,-56.67499923706055
xxl,IX/52/xxl365gc,IX/52/xxl365gc,282,508,355.465,-53.145,0.539,2,2,92.78,4.79,4.68,1132,2.71,0.47,0.4,51.31,6.12,98,5,+l,355.4649963378906,-53.14500045776367
xxl,IX/52/xxl365gc,IX/52/xxl365gc,283,605,355.533,-56.327,0.414,6,2,1e+20,1e+20,1e+20,1467,3.96,0.81,1.03,6.44,1.35,8,8,,355.5329895019531,-56.32699966430664
xxl,IX/52/xxl365gc,IX/52/xxl365gc,284,633,355.593,-54.242,0.192,9,2,3.28,2.63,1.12,879,1.37,0.25,0.2,3.02,0.58,16,3,l,355.5929870605469,-54.242000579833984
xxl,IX/52/xxl365gc,IX/52/xxl365gc,285,540,355.632,-56.353,0.414,9,1,67.88,4.37,4.65,731,2.79,0.43,0.34,50.69,4.35,65,4,+l,355.6319885253906,-56.35300064086914
xxl,IX/52/xxl365gc,IX/52/xxl365gc,286,563,355.686,-53.254,0.319,2,2,13.43,10.09,8.17,1020,1.94,0.41,0.31,9.91,2.06,16,4,l,355.6860046386719,-53.25400161743164
xxl,IX/52/xxl365gc,IX/52/xxl365gc,287,634,355.691,-54.185,1.075,11,2,153.14,10.97,10.23,1234,4.56,0.9,0.75,623.11,100.83,48,6,l,355.6910095214844,-54.185001373291016
xxl,IX/52/xxl365gc,IX/52/xxl365gc,288,539,355.797,-55.881,0.183,10,1,27.13,2.16,2.26,510,1.17,0.09,0.11,6.53,0.76,38,4,+*l,355.7969970703125,-55.88100051879883
xxl,IX/52/xxl365gc,IX/52/xxl365gc,289,607,356.201,-56.288,0.605,1,2,70.73,3.43,3.5,1188,3.09,0.62,0.63,37.89,5.46,23,3,l,356.20098876953125,-56.28799819946289
xxl,IX/52/xxl365gc,IX/52/xxl365gc,290,568,356.363,-54.716,0.133,1,2,5.2,3.1,3.58,1331,2.79,0.19,0.2,3.26,0.22,16,4,l,356.3630065917969,-54.715999603271484
xxl,IX/52/xxl365gc,IX/52/xxl365gc,291,509,356.461,-54.044,0.633,12,1,84.13,4.29,4.43,656,2.87,0.46,0.47,73.24,9.42,37,4,+l,356.46099853515625,-54.04399871826172
xxl,IX/52/xxl365gc,IX/52/xxl365gc,292,602,356.771,-55.629,0.391,5,2,1e+20,1e+20,1e+20,16959,1e+20,1e+20,1e+20,1e+20,1e+20,5,10,,356.77099609375,-55.62900161743164
xxl,IX/52/xxl365gc,IX/52/xxl365gc,293,566,357.008,-53.656,0.634,1,2,1e+20,1e+20,1e+20,16959,1e+20,1e+20,1e+20,1e+20,1e+20,7,6,F,357.00799560546875,-53.65599822998047
xxl,IX/52/xxl365gc,IX/52/xxl365gc,294,603,357.025,-56.021,0.427,3,1,84.11,3.8,4.49,686,2.52,0.54,0.41,37.95,6.52,15,5,l,357.0249938964844,-56.020999908447266
xxl,IX/52/xxl365gc,IX/52/xxl365gc,295,564,357.079,-53.395,0.981,1,2,79.52,10.86,15.49,1085,3.41,0.79,0.73,83.7,15.03,9,3,F,357.0790100097656,-53.39500045776367
xxl,IX/52/xxl365gc,IX/52/xxl365gc,296,567,357.222,-53.823,0.254,5,1,28.33,2.79,4.13,659,1.98,0.27,0.29,4.54,0.79,14,3,lF,357.22198486328125,-53.823001861572266
xxl,IX/52/xxl365gc,IX/52/xxl365gc,297,565,357.339,-53.506,0.168,3,2,13.14,1.94,2.38,16959,1e+20,1e+20,1e+20,1e+20,1e+20,21,3,lF,357.3389892578125,-53.50600051879883
xxl,IX/52/xxl365gc,IX/52/xxl365gc,298,637,357.38,-55.496,0.541,2,2,1e+20,1e+20,1e+20,1695,5.6,1.38,1.15,22.94,4.22,10,4,,357.3800048828125,-55.49599838256836
xxl,IX/52/xxl365gc,IX/52/xxl365gc,299,569,357.455,-55.115,0.131,2,2,1.68,0.72,0.46,584,0.63,0.1,0.07,1.03,0.14,15,3,l,357.4549865722656,-55.1150016784668
xxl,IX/52/xxl365gc,IX/52/xxl365gc,300,510,357.539,-55.334,0.394,2,1,41.55,3.3,3.54,653,2.23,0.31,0.26,26.06,2.33,39,3,+l,357.53900146484375,-55.33399963378906
xxl,IX/52/xxl365gc,IX/52/xxl365gc,301,570,357.679,-55.345,0.13,3,2,1e+20,1e+20,1e+20,1021,1.73,0.28,0.22,2.35,0.33,10,4,,357.6789855957031,-55.345001220703125
xxl,IX/52/xxl365gc,IX/52/xxl365gc,302,511,357.753,-55.371,0.131,4,1,23.37,1.36,1.4,580,1.41,0.16,0.19,3.1,0.43,35,3,+l,357.75299072265625,-55.37099838256836
